seed,mode,vina_score_kcal_per_mol,site_frame_symmetry_aware_heavy_atom_RMSD_A,graph_automorphisms_considered,reference_contact_count,pose_contact_count,contacts_retained,contacts_lost,contacts_gained,contact_jaccard
1001,1,-10.316,9.0039,4,20,18,15,A:LYS1992;B:GLU2257;B:GLU2261;B:GLY2184;B:ILE2262,A:ALA2138;A:TYR1999;B:VAL2253,0.6522
1001,2,-9.98,9.4928,4,20,21,13,A:ALA1989;A:LYS1992;B:GLU2257;B:GLU2261;B:GLY2184;B:GLY2258;B:ILE2262,A:ALA2138;A:LEU1984;A:TYR1999;B:ASP2191;B:GLY2226;B:GLY2227;B:PHE2155;B:VAL2253,0.4643
1001,3,-8.645,11.0542,4,20,22,13,A:LYS1992;B:GLU2257;B:GLU2261;B:GLY2187;B:GLY2258;B:ILE2262;B:LEU2254,A:ASP2136;A:TYR1999;B:ASP2191;B:GLN2148;B:GLN2149;B:LYS2190;B:MET2189;B:PHE2155;B:THR2128,0.4483
1001,4,-8.634,8.4112,4,20,19,13,A:ALA1989;A:LYS1992;B:GLU2257;B:GLU2261;B:GLY2184;B:GLY2258;B:ILE2262,A:ALA2138;A:TYR1999;B:ASP2191;B:GLN2148;B:PHE2155;B:VAL2253,0.5
1001,5,-8.624,5.2345,4,20,21,17,B:GLU2257;B:GLY2188;B:ILE2262,B:GLY2226;B:GLY2227;B:PHE2155;B:VAL2253,0.7083
1001,6,-8.525,3.5368,4,20,19,16,A:LEU1994;B:GLY2184;B:GLY2188;B:SER2186,A:GLY1986;A:LEU1984;B:GLY2151,0.6957
1001,7,-8.236,11.5313,4,20,21,13,A:ALA1989;A:LYS1992;B:GLU2257;B:GLU2261;B:GLY2258;B:ILE2262;B:LEU2254,A:ALA2138;A:ASP2136;A:TYR1999;B:ASP2191;B:GLN2148;B:LYS2190;B:MET2189;B:PHE2155,0.4643
1001,8,-8.13,9.0139,4,20,13,10,A:ALA1989;A:LYS1992;B:GLU2255;B:GLU2257;B:GLU2261;B:GLY2187;B:GLY2188;B:GLY2258;B:ILE2262;B:LEU2254,A:ALA2138;B:GLN2148;B:PHE2155,0.4348
1001,9,-8.125,9.6592,4,20,17,12,A:ALA1989;A:LYS1992;B:GLU2257;B:GLU2261;B:GLY2184;B:GLY2258;B:ILE2262;B:LEU2254,A:TYR1999;B:ASP2191;B:GLN2152;B:GLY2151;B:THR2126,0.48
1001,10,-7.978,3.0195,4,20,18,15,A:LYS1992;B:GLU2261;B:GLY2184;B:GLY2188;B:ILE2262,A:GLY1986;A:LEU1984;B:VAL2253,0.6522
1001,11,-7.886,8.1491,4,20,11,11,A:LEU1990;A:LYS1992;B:GLU2261;B:GLY2184;B:GLY2187;B:GLY2188;B:ILE2262;B:PHE2185;B:SER2186,,0.55
1001,12,-7.714,9.634,4,20,16,12,A:ALA1989;A:LYS1992;B:GLU2257;B:GLU2261;B:GLY2184;B:GLY2258;B:ILE2262;B:LEU2254,A:TYR1999;B:ASP2191;B:GLY2151;B:THR2128,0.5
1001,13,-7.703,9.5118,4,20,13,12,A:LYS1992;B:GLU2257;B:GLU2261;B:GLY2187;B:GLY2188;B:GLY2258;B:ILE2262;B:SER2186,B:THR2128,0.5714
1001,14,-7.697,9.4434,4,20,17,13,A:ALA1989;A:LYS1992;B:GLU2257;B:GLU2261;B:GLY2188;B:GLY2258;B:ILE2262,B:GLN2152;B:GLY2151;B:THR2126;B:THR2128,0.5417
1001,15,-7.659,8.8956,4,20,13,12,A:ALA1989;A:LEU1994;B:GLU2257;B:GLU2261;B:GLY2188;B:GLY2258;B:ILE2262;B:LEU2254,B:THR2128,0.5714
1001,16,-7.555,9.7144,4,20,13,12,A:LYS1992;B:GLU2257;B:GLU2261;B:GLY2187;B:GLY2188;B:GLY2258;B:ILE2262;B:LEU2254,B:PHE2155,0.5714
1001,17,-7.552,6.2644,4,20,12,11,A:ALA1989;A:LEU1994;A:THR1985;B:GLU2261;B:GLY2184;B:GLY2187;B:GLY2188;B:ILE2262;B:PHE2185,B:GLY2151,0.5238
1001,18,-7.41,10.0443,4,20,15,8,A:ALA1989;A:LYS1992;A:THR1985;B:GLU2255;B:GLU2257;B:GLU2261;B:GLY2184;B:GLY2187;B:GLY2188;B:GLY2258;B:ILE2262;B:LEU2254,B:ASP2191;B:GLN2148;B:GLN2152;B:GLY2151;B:PHE2155;B:THR2126;B:THR2128,0.2963
1001,19,-7.377,10.3994,4,20,15,11,A:ALA1989;A:LEU1990;A:LYS1992;B:GLU2257;B:GLU2261;B:GLY2188;B:GLY2258;B:ILE2262;B:LEU2254,A:ALA2138;B:GLN2148;B:GLN2149;B:PHE2155,0.4583
1001,20,-7.338,8.9374,4,20,15,10,A:ALA1989;A:LYS1992;A:THR1985;B:GLU2261;B:GLY2184;B:GLY2187;B:GLY2188;B:GLY2258;B:ILE2262;B:LEU2254,B:ASP2191;B:GLN2152;B:GLY2151;B:PHE2155;B:THR2126,0.4
1002,1,-10.35,9.0082,4,20,18,15,A:LYS1992;B:GLU2257;B:GLU2261;B:GLY2184;B:ILE2262,A:ALA2138;A:TYR1999;B:VAL2253,0.6522
1002,2,-10.018,9.4997,4,20,21,13,A:ALA1989;A:LYS1992;B:GLU2257;B:GLU2261;B:GLY2184;B:GLY2258;B:ILE2262,A:ALA2138;A:LEU1984;A:TYR1999;B:ASP2191;B:GLY2226;B:GLY2227;B:PHE2155;B:VAL2253,0.4643
1002,3,-9.833,8.4069,4,20,16,14,A:LYS1992;B:GLU2257;B:GLU2261;B:GLY2187;B:GLY2188;B:ILE2262,B:PHE2155;B:VAL2253,0.6364
1002,4,-9.474,6.0241,4,20,20,15,A:LYS1992;B:GLU2257;B:GLU2261;B:GLY2184;B:GLY2188,A:GLY1962;A:GLY1986;A:LEU1984;B:GLY2227;B:VAL2253,0.6
1002,5,-9.225,5.4139,4,20,23,17,A:LYS1992;B:ALA2150;B:GLU2257,A:GLY1962;A:GLY1986;A:LEU1984;B:GLY2226;B:GLY2227;B:VAL2253,0.6538
1002,6,-8.757,5.8379,4,20,23,15,A:LYS1992;B:ALA2150;B:GLU2257;B:GLU2261;B:ILE2262,A:ALA2138;A:LEU1984;A:TYR1999;B:ASP2191;B:GLY2226;B:GLY2227;B:PHE2155;B:VAL2253,0.5357
1002,7,-8.5,5.8441,4,20,20,15,A:LYS1992;B:GLU2257;B:GLU2261;B:GLY2188;B:ILE2262,A:LEU1984;B:GLY2226;B:GLY2227;B:PHE2155;B:VAL2253,0.6
1002,8,-8.339,8.8233,4,20,18,14,A:LYS1992;B:GLU2257;B:GLU2261;B:GLY2184;B:GLY2187;B:ILE2262,A:TYR1999;B:ASP2191;B:GLY2151;B:PHE2155,0.5833
1002,9,-8.335,9.4426,4,20,16,14,A:ALA1989;A:LYS1992;B:GLU2257;B:GLU2261;B:GLY2188;B:ILE2262,B:ASP2191;B:PHE2155,0.6364
1002,10,-8.119,9.6993,4,20,18,12,A:ALA1989;A:LYS1992;B:GLU2257;B:GLU2261;B:GLY2184;B:GLY2258;B:ILE2262;B:LEU2254,A:ALA2138;A:TYR1999;B:ASP2191;B:GLN2152;B:GLY2151;B:THR2126,0.4615
1002,11,-7.873,9.6353,4,20,17,12,A:ALA1989;A:LYS1992;B:GLU2257;B:GLU2261;B:GLY2184;B:GLY2258;B:ILE2262;B:LEU2254,A:ALA2138;A:TYR1999;B:ASP2191;B:GLY2151;B:THR2128,0.48
1002,12,-7.718,8.8793,4,20,13,12,A:ALA1989;A:LEU1994;B:GLU2257;B:GLU2261;B:GLY2188;B:GLY2258;B:ILE2262;B:LEU2254,B:THR2128,0.5714
1002,13,-7.647,8.3121,4,20,16,16,B:GLY2184;B:GLY2187;B:GLY2188;B:ILE2262,,0.8
1002,14,-7.585,9.3961,4,20,17,14,A:LEU1990;A:LEU1994;B:ALA2150;B:GLY2187;B:GLY2188;B:SER2186,A:LEU1984;A:SER1988;B:GLY2227,0.6087
1002,15,-7.353,9.1851,4,20,15,12,A:ALA1989;A:LEU1994;A:LYS1992;B:GLU2257;B:GLU2261;B:GLY2188;B:GLY2258;B:ILE2262,B:GLY2151;B:PHE2155;B:THR2128,0.5217
1002,16,-7.348,8.9927,4,20,15,10,A:ALA1989;A:LYS1992;A:THR1985;B:GLU2261;B:GLY2184;B:GLY2187;B:GLY2188;B:GLY2258;B:ILE2262;B:LEU2254,B:ASP2191;B:GLN2152;B:GLY2151;B:PHE2155;B:THR2126,0.4
1002,17,-7.339,9.7138,4,20,14,12,A:ALA1989;A:LYS1992;B:GLU2261;B:GLY2184;B:GLY2188;B:GLY2258;B:ILE2262;B:LEU2254,B:ASP2191;B:PHE2155,0.5455
1002,18,-7.284,10.4267,4,20,15,8,A:ALA1989;A:LYS1992;A:THR1985;B:GLU2255;B:GLU2257;B:GLU2261;B:GLY2184;B:GLY2188;B:GLY2258;B:ILE2262;B:LEU2254;B:PHE2185,B:ASP2191;B:GLN2148;B:GLN2152;B:GLY2151;B:PHE2155;B:THR2126;B:THR2128,0.2963
1002,19,-7.232,10.3845,4,20,15,10,A:ALA1989;A:LEU1994;A:LYS1992;B:GLU2257;B:GLU2261;B:GLY2187;B:GLY2188;B:GLY2258;B:ILE2262;B:LEU2254,B:GLN2148;B:GLN2152;B:GLY2151;B:THR2126;B:THR2128,0.4
1002,20,-7.025,6.9245,4,20,11,8,A:ALA1989;A:LEU1990;A:LEU1994;A:THR1985;B:GLU2261;B:GLY2184;B:GLY2187;B:GLY2188;B:ILE2262;B:LEU2254;B:PHE2185;B:SER2186,B:GLN2152;B:GLY2151;B:THR2126,0.3478
1003,1,-10.332,9.009,4,20,18,15,A:LYS1992;B:GLU2257;B:GLU2261;B:GLY2184;B:ILE2262,A:ALA2138;A:TYR1999;B:VAL2253,0.6522
1003,2,-9.863,9.5096,4,20,21,13,A:ALA1989;A:LYS1992;B:GLU2257;B:GLU2261;B:GLY2184;B:GLY2258;B:ILE2262,A:ALA2138;A:LEU1984;A:TYR1999;B:ASP2191;B:GLY2226;B:GLY2227;B:PHE2155;B:VAL2253,0.4643
1003,3,-9.804,8.4028,4,20,16,14,A:LYS1992;B:GLU2257;B:GLU2261;B:GLY2187;B:GLY2188;B:ILE2262,B:PHE2155;B:VAL2253,0.6364
1003,4,-9.411,6.0449,4,20,21,15,A:LYS1992;B:GLU2257;B:GLU2261;B:GLY2184;B:GLY2188,A:GLY1962;A:GLY1986;A:LEU1984;B:GLY2226;B:GLY2227;B:VAL2253,0.5769
1003,5,-9.209,5.3907,4,20,22,17,A:LYS1992;B:ALA2150;B:GLU2257,A:GLY1962;A:GLY1986;A:LEU1984;B:GLY2226;B:GLY2227,0.68
1003,6,-8.787,5.8887,4,20,23,15,A:LYS1992;B:ALA2150;B:GLU2257;B:GLU2261;B:ILE2262,A:ALA2138;A:LEU1984;A:TYR1999;B:ASP2191;B:GLY2226;B:GLY2227;B:PHE2155;B:VAL2253,0.5357
1003,7,-8.78,8.1111,4,20,11,11,A:LYS1992;B:GLU2257;B:GLU2261;B:GLY2184;B:GLY2187;B:GLY2188;B:ILE2262;B:PHE2185;B:SER2186,,0.55
1003,8,-8.752,5.4861,4,20,23,17,A:LYS1992;B:GLU2261;B:ILE2262,A:ALA2138;A:TYR1999;B:ASP2191;B:GLY2227;B:PHE2155;B:VAL2253,0.6538
1003,9,-8.748,5.9411,4,20,19,15,A:LYS1992;B:GLU2257;B:GLU2261;B:GLY2188;B:ILE2262,A:LEU1984;B:GLY2226;B:GLY2227;B:PHE2155,0.625
1003,10,-8.58,5.2461,4,20,21,17,B:GLU2257;B:GLY2188;B:ILE2262,B:GLY2226;B:GLY2227;B:PHE2155;B:VAL2253,0.7083
1003,11,-8.516,9.5759,4,20,17,14,A:ALA1989;A:LYS1992;B:GLU2257;B:GLU2261;B:GLY2188;B:ILE2262,B:ASP2191;B:GLN2148;B:PHE2155,0.6087
1003,12,-8.501,6.8286,4,20,17,13,A:LEU1994;A:LYS1992;B:GLU2261;B:GLY2187;B:GLY2188;B:ILE2262;B:SER2186,B:ARG2225;B:GLY2226;B:GLY2227;B:VAL2253,0.5417
1003,13,-8.14,10.5158,4,20,20,13,A:LYS1992;B:GLU2257;B:GLU2261;B:GLY2187;B:GLY2258;B:ILE2262;B:LEU2254,A:ALA2138;A:TYR1999;B:ASP2191;B:GLN2148;B:GLN2149;B:PHE2155;B:THR2128,0.4815
1003,14,-7.662,8.8467,4,20,13,12,A:ALA1989;A:LEU1994;B:GLU2257;B:GLU2261;B:GLY2188;B:GLY2258;B:ILE2262;B:LEU2254,B:THR2128,0.5714
1003,15,-7.609,6.8521,4,20,17,11,A:ALA1989;A:LEU1994;A:LYS1992;B:GLU2261;B:GLY2187;B:GLY2188;B:ILE2262;B:SER2186;B:VAL2153,B:ARG2225;B:GLN2152;B:GLY2151;B:GLY2226;B:GLY2227;B:VAL2253,0.4231
1003,16,-7.524,5.3111,4,20,20,15,B:GLY2187;B:GLY2188;B:ILE2262;B:PHE2185;B:SER2186,B:ARG2225;B:GLY2226;B:GLY2227;B:PHE2155;B:VAL2253,0.6
1003,17,-7.444,6.1831,4,20,20,15,B:GLU2261;B:GLY2187;B:GLY2188;B:ILE2262;B:SER2186,B:ARG2225;B:GLY2151;B:GLY2226;B:GLY2227;B:VAL2253,0.6
1003,18,-7.361,8.9686,4,20,15,10,A:ALA1989;A:LYS1992;A:THR1985;B:GLU2261;B:GLY2184;B:GLY2187;B:GLY2188;B:GLY2258;B:ILE2262;B:LEU2254,B:ASP2191;B:GLN2152;B:GLY2151;B:PHE2155;B:THR2126,0.4
1003,19,-7.241,12.1761,4,20,14,6,A:ALA1989;A:LEU1990;A:LYS1992;A:THR1985;B:GLU2255;B:GLU2257;B:GLU2261;B:GLY2184;B:GLY2187;B:GLY2188;B:GLY2258;B:ILE2262;B:LEU2254;B:PHE2185,A:ALA2138;A:ASN2139;A:ASP2136;B:GLN2148;B:GLN2149;B:GLY2151;B:PHE2155;B:THR2128,0.2143
1003,20,-7.041,9.4435,4,20,13,5,A:ALA1989;A:LEU1990;A:LYS1992;A:THR1985;B:GLU2257;B:GLU2261;B:GLY2184;B:GLY2187;B:GLY2188;B:GLY2258;B:ILE2262;B:LEU2254;B:PHE2185;B:SER2186;B:VAL2153,A:ALA2138;B:GLN2148;B:GLN2149;B:GLN2152;B:GLY2151;B:PHE2155;B:THR2126;B:THR2128,0.1786
