pdb	ligand_label_asym	target_entity	target_kind	target_description	target_label_asym	target_comp	target_label_seq	canonical_accession	canonical_position	minimum_distance_A	ligand_atom_at_min	target_atom_at_min	atom_pair_count_within_4A	validation_Q_score	validation_residue_inclusion
6VRH	E	1	polymer	Sodium-dependent serotonin transporter	A	TYR	95	P31645	95	2.894	NAN	O	5	0.541	0.8333
6VRH	E	1	polymer	Sodium-dependent serotonin transporter	A	VAL	501	P31645	501	3.118	FAA	CG2	3	0.541	0.5714
6VRH	E	1	polymer	Sodium-dependent serotonin transporter	A	THR	497	P31645	497	3.293	FAA	CB	3	0.426	0.5714
6VRH	E	1	polymer	Sodium-dependent serotonin transporter	A	ALA	169	P31645	169	3.343	CAL	O	5	0.48	0.6000
6VRH	E	1	polymer	Sodium-dependent serotonin transporter	A	ASP	98	P31645	98	3.347	CAK	OD2	7	0.468	0.6250
6VRH	E	1	polymer	Sodium-dependent serotonin transporter	A	PHE	335	P31645	335	3.434	CAJ	O	2	0.539	0.7273
6VRH	E	1	polymer	Sodium-dependent serotonin transporter	A	GLY	442	P31645	442	3.451	OAQ	CA	9	0.478	0.5000
6VRH	E	1	polymer	Sodium-dependent serotonin transporter	A	ILE	172	P31645	172	3.460	CAV	CG2	10	0.496	0.6250
6VRH	E	1	polymer	Sodium-dependent serotonin transporter	A	ALA	96	P31645	96	3.518	NAN	O	2	0.552	0.6000
6VRH	E	1	polymer	Sodium-dependent serotonin transporter	A	PHE	341	P31645	341	3.521	OAQ	CE2	6	0.548	0.7273
6VRH	E	1	polymer	Sodium-dependent serotonin transporter	A	SER	438	P31645	438	3.538	CAD	O	6	0.563	0.8333
6VRH	E	1	polymer	Sodium-dependent serotonin transporter	A	ALA	173	P31645	173	3.568	OAP	CB	4	0.5	0.8000
6VRH	E	1	polymer	Sodium-dependent serotonin transporter	A	SER	336	P31645	336	3.583	CAI	O	1	0.507	0.6667
6VRH	E	1	polymer	Sodium-dependent serotonin transporter	A	THR	439	P31645	439	3.660	CAG	CA	2	0.51	0.7143
6VRH	E	1	polymer	Sodium-dependent serotonin transporter	A	GLY	338	P31645	338	3.668	CAJ	CA	1	0.54	1.0000
8EF5	H	1	polymer	Mu-type opioid receptor	A	ASP	148	P35372	149	3.235	N09	OD2	7	0.397	0.5000
8EF5	H	1	polymer	Mu-type opioid receptor	A	CYS	218	P35372	219	3.290	C16	O	3	0.335	0.6667
8EF5	H	1	polymer	Mu-type opioid receptor	A	ASN	128	P35372	129	3.334	C17	ND2	2	0.375	0.5000
8EF5	H	1	polymer	Mu-type opioid receptor	A	GLN	125	P35372	126	3.458	C13	NE2	7	0.427	0.4444
8EF5	H	1	polymer	Mu-type opioid receptor	A	TRP	294	P35372	295	3.556	C23	CH2	3	0.404	0.5714
8EF5	H	1	polymer	Mu-type opioid receptor	A	MET	152	P35372	153	3.564	C21	SD	2	0.473	0.6250
8EF5	H	1	polymer	Mu-type opioid receptor	A	GLY	326	P35372	327	3.614	C24	CA	2	0.45	0.7500
8EF5	H	1	polymer	Mu-type opioid receptor	A	TYR	327	P35372	328	3.659	C23	CZ	7	0.548	0.6667
8EF5	H	1	polymer	Mu-type opioid receptor	A	TYR	149	P35372	150	3.729	C08	OH	4	0.532	0.7500
8EF5	H	1	polymer	Mu-type opioid receptor	A	ILE	323	P35372	324	3.740	C24	O	2	0.436	0.5000
8EF5	H	1	polymer	Mu-type opioid receptor	A	ILE	297	P35372	298	3.851	C04	CG1	4	0.436	0.6250
8EF5	H	1	polymer	Mu-type opioid receptor	A	TRP	134	P35372	135	3.911	C17	CZ3	2	0.413	0.5000
8EF5	H	1	polymer	Mu-type opioid receptor	A	VAL	301	P35372	302	3.923	C04	CG2	1	0.463	0.7143
8EF5	N	1	polymer	Mu-type opioid receptor	F	ASP	148	P35372	149	2.981	N09	OD2	8	0.244	0.3750
8EF5	N	1	polymer	Mu-type opioid receptor	F	CYS	218	P35372	219	3.219	C16	O	3	0.336	0.3333
8EF5	N	1	polymer	Mu-type opioid receptor	F	GLN	125	P35372	126	3.514	C12	NE2	4	0.523	0.5556
8EF5	N	1	polymer	Mu-type opioid receptor	F	MET	152	P35372	153	3.559	C21	SD	2	0.406	0.7500
8EF5	N	1	polymer	Mu-type opioid receptor	F	VAL	144	P35372	145	3.565	C18	CG1	1	0.357	0.5714
8EF5	N	1	polymer	Mu-type opioid receptor	F	TYR	149	P35372	150	3.639	C08	OH	4	0.438	0.5833
8EF5	N	1	polymer	Mu-type opioid receptor	F	GLY	326	P35372	327	3.643	C24	CA	3	0.513	0.7500
8EF5	N	1	polymer	Mu-type opioid receptor	F	ILE	145	P35372	146	3.690	C15	CG1	4	0.343	0.6250
8EF5	N	1	polymer	Mu-type opioid receptor	F	TRP	134	P35372	135	3.831	C17	CZ3	1	0.367	0.4286
8EF5	N	1	polymer	Mu-type opioid receptor	F	TYR	327	P35372	328	3.868	C23	CZ	5	0.488	0.5833
