pdb	label_asym	auth_asym	comp	auth_seq	atom_count	heavy_atom_count	occupancies	alt_ids
6VRH	D	A	NAG	701	14	14	1.00	
6VRH	E	A	8PR	702	24	24	1.00	
6VRH	F	A	CL	703	1	1	1.00	
6VRH	G	A	NAG	704	14	14	1.00	
6VRH	H	A	LMT	705	35	35	1.00	
8EF5	H	R	7V7	501	25	25	1.00	
8EF5	I	R	CLR	502	28	28	1.00	
8EF5	J	R	CLR	503	28	28	1.00	
8EF5	K	R	CLR	504	28	28	1.00	
8EF5	L	R	CLR	505	28	28	1.00	
8EF5	M	R	CLR	506	28	28	1.00	
8EF5	N	M	7V7	501	25	25	1.00	
8EF5	O	M	CLR	502	28	28	1.00	
8EF5	P	M	CLR	503	28	28	1.00	
8EF5	Q	M	CLR	504	28	28	1.00	
8EF5	R	M	CLR	505	28	28	1.00	
8EF5	S	M	CLR	506	28	28	1.00	
