pdb	comp	atom_1	atom_2	value_order	aromatic	stereo
6VRH	8PR	FAA	CAR	SING	N	N
6VRH	8PR	CAR	CAB	DOUB	Y	N
6VRH	8PR	CAB	CAE	SING	Y	N
6VRH	8PR	CAB	HAB	SING	N	N
6VRH	8PR	CAR	CAC	SING	Y	N
6VRH	8PR	CAC	CAF	DOUB	Y	N
6VRH	8PR	CAC	HAC	SING	N	N
6VRH	8PR	CAS	CAD	DOUB	Y	N
6VRH	8PR	CAD	CAG	SING	Y	N
6VRH	8PR	CAD	HAD	SING	N	N
6VRH	8PR	CAE	CAT	DOUB	Y	N
6VRH	8PR	CAE	HAE	SING	N	N
6VRH	8PR	CAF	CAT	SING	Y	N
6VRH	8PR	CAF	HAF	SING	N	N
6VRH	8PR	CAU	CAG	DOUB	Y	N
6VRH	8PR	CAG	HAG	SING	N	N
6VRH	8PR	CAH	CAS	SING	Y	N
6VRH	8PR	CAH	CAV	DOUB	Y	N
6VRH	8PR	CAH	HAH	SING	N	N
6VRH	8PR	CAJ	CAI	SING	N	N
6VRH	8PR	CAI	NAN	SING	N	N
6VRH	8PR	CAI	HAI	SING	N	N
6VRH	8PR	CAI	HAIA	SING	N	N
6VRH	8PR	CAJ	CAX	SING	N	N
6VRH	8PR	CAJ	HAJ	SING	N	N
6VRH	8PR	CAJ	HAJA	SING	N	N
6VRH	8PR	CAW	CAK	SING	N	N
6VRH	8PR	NAN	CAK	SING	N	N
6VRH	8PR	CAK	HAK	SING	N	N
6VRH	8PR	CAK	HAKA	SING	N	N
6VRH	8PR	OAQ	CAL	SING	N	N
6VRH	8PR	OAP	CAL	SING	N	N
6VRH	8PR	CAL	HAL	SING	N	N
6VRH	8PR	CAL	HALA	SING	N	N
6VRH	8PR	CAW	CAM	SING	N	N
6VRH	8PR	CAM	OAO	SING	N	N
6VRH	8PR	CAM	HAM	SING	N	N
6VRH	8PR	CAM	HAMA	SING	N	N
6VRH	8PR	NAN	HNAN	SING	N	N
6VRH	8PR	OAO	CAS	SING	N	N
6VRH	8PR	CAU	OAP	SING	N	N
6VRH	8PR	CAV	OAQ	SING	N	N
6VRH	8PR	CAT	CAX	SING	N	N
6VRH	8PR	CAV	CAU	SING	Y	N
6VRH	8PR	CAX	CAW	SING	N	N
6VRH	8PR	CAW	HAW	SING	N	N
6VRH	8PR	CAX	HAX	SING	N	N
8EF5	7V7	C16	C17	DOUB	Y	N
8EF5	7V7	C16	C15	SING	Y	N
8EF5	7V7	C17	C18	SING	Y	N
8EF5	7V7	C15	C14	DOUB	Y	N
8EF5	7V7	C18	C19	DOUB	Y	N
8EF5	7V7	C14	C19	SING	Y	N
8EF5	7V7	C14	C13	SING	N	N
8EF5	7V7	C12	C13	SING	N	N
8EF5	7V7	C12	N09	SING	N	N
8EF5	7V7	C08	N09	SING	N	N
8EF5	7V7	C08	C07	SING	N	N
8EF5	7V7	N09	C10	SING	N	N
8EF5	7V7	C10	C11	SING	N	N
8EF5	7V7	O01	C02	DOUB	N	N
8EF5	7V7	C07	C06	SING	N	N
8EF5	7V7	C06	C11	SING	N	N
8EF5	7V7	C06	N05	SING	N	N
8EF5	7V7	C02	N05	SING	N	N
8EF5	7V7	C02	C03	SING	N	N
8EF5	7V7	N05	C20	SING	N	N
8EF5	7V7	C04	C03	SING	N	N
8EF5	7V7	C20	C21	DOUB	Y	N
8EF5	7V7	C20	C25	SING	Y	N
8EF5	7V7	C21	C22	SING	Y	N
8EF5	7V7	C25	C24	DOUB	Y	N
8EF5	7V7	C22	C23	DOUB	Y	N
8EF5	7V7	C24	C23	SING	Y	N
8EF5	7V7	C10	H102	SING	N	N
8EF5	7V7	C10	H101	SING	N	N
8EF5	7V7	C13	H131	SING	N	N
8EF5	7V7	C13	H132	SING	N	N
8EF5	7V7	C15	H151	SING	N	N
8EF5	7V7	C17	H171	SING	N	N
8EF5	7V7	C21	H211	SING	N	N
8EF5	7V7	C22	H221	SING	N	N
8EF5	7V7	C24	H241	SING	N	N
8EF5	7V7	C03	H031	SING	N	N
8EF5	7V7	C03	H032	SING	N	N
8EF5	7V7	C04	H043	SING	N	N
8EF5	7V7	C04	H041	SING	N	N
8EF5	7V7	C04	H042	SING	N	N
8EF5	7V7	C06	H061	SING	N	N
8EF5	7V7	C07	H072	SING	N	N
8EF5	7V7	C07	H071	SING	N	N
8EF5	7V7	C08	H082	SING	N	N
8EF5	7V7	C08	H081	SING	N	N
8EF5	7V7	C11	H112	SING	N	N
8EF5	7V7	C11	H111	SING	N	N
8EF5	7V7	C12	H122	SING	N	N
8EF5	7V7	C12	H121	SING	N	N
8EF5	7V7	C16	H161	SING	N	N
8EF5	7V7	C18	H181	SING	N	N
8EF5	7V7	C19	H191	SING	N	N
8EF5	7V7	C23	H231	SING	N	N
8EF5	7V7	C25	H251	SING	N	N
