id,ligand,state,conformer,start_n_sign,formal_charge,seed,rank,vina_score_kcal_per_mol,minimum_receptor_heavy_atom_distance_A,contact_count_4A,contacts_4A,paroxetine_native_contacts_retained,paroxetine_native_contact_jaccard,paroxetine_native_contacts_lost,paroxetine_native_contacts_gained,graph_automorphisms,raw_export_max_heavy_coordinate_delta_A,pose_n_determinant_A3,pose_n_sign,pose_n_tetrahedral_determinant_H_origin_A3
prl_neutral_c1:s5301:r1,prl_neutral_c1,neutral,c1,1,0,5301,1,-7.301,3.3322,11,A:ASP98;A:GLY442;A:ILE172;A:PHE335;A:PHE341;A:SER438;A:THR439;A:TYR175;A:TYR176;A:TYR95;A:VAL501,9,0.5294,A:ALA169;A:ALA173;A:ALA96;A:GLY338;A:SER336;A:THR497,A:TYR175;A:TYR176,2,0.0,2.335572,1,
prl_neutral_c1:s5301:r2,prl_neutral_c1,neutral,c1,1,0,5301,2,-7.28,3.2731,11,A:ARG104;A:ASP98;A:ILE172;A:PHE335;A:PHE341;A:SER438;A:THR497;A:TYR175;A:TYR176;A:TYR95;A:VAL501,8,0.4444,A:ALA169;A:ALA173;A:ALA96;A:GLY338;A:GLY442;A:SER336;A:THR439,A:ARG104;A:TYR175;A:TYR176,2,0.0,2.341529,1,
prl_neutral_c1:s5301:r3,prl_neutral_c1,neutral,c1,1,0,5301,3,-7.026,3.1704,12,A:ALA173;A:ASP98;A:GLY338;A:GLY442;A:ILE172;A:PHE335;A:PHE341;A:SER438;A:THR439;A:TYR175;A:TYR176;A:VAL501,10,0.5882,A:ALA169;A:ALA96;A:SER336;A:THR497;A:TYR95,A:TYR175;A:TYR176,2,0.0,2.339918,1,
prl_neutral_c1:s5301:r4,prl_neutral_c1,neutral,c1,1,0,5301,4,-6.724,2.9962,13,A:ASP98;A:GLY338;A:GLY442;A:ILE172;A:PHE341;A:PRO339;A:SER438;A:THR439;A:THR497;A:TYR175;A:TYR176;A:TYR95;A:VAL501,10,0.5556,A:ALA169;A:ALA173;A:ALA96;A:PHE335;A:SER336,A:PRO339;A:TYR175;A:TYR176,2,0.0,2.338072,1,
prl_neutral_c1:s5301:r5,prl_neutral_c1,neutral,c1,1,0,5301,5,-6.699,2.8848,13,A:ASP98;A:GLY338;A:GLY442;A:ILE172;A:PHE335;A:PHE341;A:SER438;A:THR439;A:THR497;A:TYR175;A:TYR176;A:TYR95;A:VAL501,11,0.6471,A:ALA169;A:ALA173;A:ALA96;A:SER336,A:TYR175;A:TYR176,2,0.0,2.341801,1,
prl_neutral_c1:s5301:r6,prl_neutral_c1,neutral,c1,1,0,5301,6,-6.676,3.1234,11,A:ASP98;A:GLY338;A:GLY442;A:ILE172;A:PHE335;A:PHE341;A:SER438;A:THR439;A:THR497;A:TYR176;A:TYR95,10,0.625,A:ALA169;A:ALA173;A:ALA96;A:SER336;A:VAL501,A:TYR176,2,0.0,2.33976,1,
prl_neutral_c1:s5301:r7,prl_neutral_c1,neutral,c1,1,0,5301,7,-6.516,3.4538,10,A:ARG104;A:GLN332;A:GLY100;A:GLY338;A:PHE335;A:PHE341;A:SER438;A:THR497;A:TYR95;A:VAL501,7,0.3889,A:ALA169;A:ALA173;A:ALA96;A:ASP98;A:GLY442;A:ILE172;A:SER336;A:THR439,A:ARG104;A:GLN332;A:GLY100,2,0.0,2.33436,1,
prl_neutral_c1:s5301:r8,prl_neutral_c1,neutral,c1,1,0,5301,8,-6.515,2.8872,13,A:ASP98;A:GLU493;A:GLY100;A:GLY338;A:ILE179;A:LEU99;A:PHE335;A:PHE341;A:THR497;A:TRP103;A:TYR175;A:TYR176;A:TYR95,6,0.2727,A:ALA169;A:ALA173;A:ALA96;A:GLY442;A:ILE172;A:SER336;A:SER438;A:THR439;A:VAL501,A:GLU493;A:GLY100;A:ILE179;A:LEU99;A:TRP103;A:TYR175;A:TYR176,2,0.0,2.339587,1,
prl_neutral_c1:s5301:r9,prl_neutral_c1,neutral,c1,1,0,5301,9,-6.499,3.0865,12,A:ALA169;A:ALA173;A:GLY442;A:ILE172;A:PHE335;A:PHE341;A:SER438;A:THR439;A:THR497;A:TYR175;A:TYR95;A:VAL501,11,0.6875,A:ALA96;A:ASP98;A:GLY338;A:SER336,A:TYR175,2,0.0,2.337092,1,
prl_neutral_c1:s5301:r10,prl_neutral_c1,neutral,c1,1,0,5301,10,-6.44,3.2252,11,A:ARG104;A:ASP98;A:GLY100;A:GLY338;A:ILE172;A:PHE334;A:PHE335;A:PHE341;A:TYR175;A:TYR95;A:VAL501,7,0.3684,A:ALA169;A:ALA173;A:ALA96;A:GLY442;A:SER336;A:SER438;A:THR439;A:THR497,A:ARG104;A:GLY100;A:PHE334;A:TYR175,2,0.0,2.338624,1,
prl_neutral_c1:s5301:r11,prl_neutral_c1,neutral,c1,1,0,5301,11,-6.367,2.8377,12,A:ASP98;A:GLU493;A:GLY338;A:ILE172;A:PHE335;A:PHE341;A:SER438;A:TRP103;A:TYR175;A:TYR176;A:TYR95;A:VAL501,8,0.4211,A:ALA169;A:ALA173;A:ALA96;A:GLY442;A:SER336;A:THR439;A:THR497,A:GLU493;A:TRP103;A:TYR175;A:TYR176,2,0.0,2.335945,1,
prl_neutral_c1:s5301:r12,prl_neutral_c1,neutral,c1,1,0,5301,12,-6.342,3.1007,17,A:ALA169;A:ALA173;A:ALA96;A:ASP98;A:GLY338;A:GLY442;A:ILE172;A:LEU337;A:LEU443;A:PHE335;A:PHE341;A:SER336;A:SER438;A:THR439;A:TYR176;A:TYR95;A:VAL501,14,0.7778,A:THR497,A:LEU337;A:LEU443;A:TYR176,2,0.0,2.337464,1,
prl_neutral_c1:s5301:r13,prl_neutral_c1,neutral,c1,1,0,5301,13,-6.32,3.2208,12,A:ALA169;A:ALA173;A:GLY442;A:ILE172;A:LEU443;A:PHE335;A:PHE341;A:SER438;A:THR439;A:THR497;A:TYR176;A:TYR95,10,0.5882,A:ALA96;A:ASP98;A:GLY338;A:SER336;A:VAL501,A:LEU443;A:TYR176,2,0.0,2.34016,1,
prl_neutral_c1:s5301:r14,prl_neutral_c1,neutral,c1,1,0,5301,14,-6.312,3.1394,12,A:ALA173;A:ASP98;A:GLY442;A:ILE172;A:LEU443;A:PHE335;A:PHE341;A:SER438;A:THR439;A:THR497;A:TYR175;A:TYR176,9,0.5,A:ALA169;A:ALA96;A:GLY338;A:SER336;A:TYR95;A:VAL501,A:LEU443;A:TYR175;A:TYR176,2,0.0,2.341238,1,
prl_neutral_c1:s5301:r15,prl_neutral_c1,neutral,c1,1,0,5301,15,-6.3,2.9822,12,A:ARG104;A:ASP98;A:GLY338;A:ILE172;A:PHE334;A:PHE335;A:PHE341;A:THR497;A:TYR175;A:TYR176;A:TYR95;A:VAL501,8,0.4211,A:ALA169;A:ALA173;A:ALA96;A:GLY442;A:SER336;A:SER438;A:THR439,A:ARG104;A:PHE334;A:TYR175;A:TYR176,2,0.0,2.3403,1,
prl_neutral_c1:s5301:r16,prl_neutral_c1,neutral,c1,1,0,5301,16,-6.223,3.026,12,A:ALA169;A:ALA173;A:GLY442;A:ILE172;A:LEU443;A:PHE335;A:PHE341;A:SER438;A:THR439;A:TYR176;A:TYR95;A:VAL501,10,0.5882,A:ALA96;A:ASP98;A:GLY338;A:SER336;A:THR497,A:LEU443;A:TYR176,2,0.0,2.340728,1,
prl_neutral_c1:s5301:r17,prl_neutral_c1,neutral,c1,1,0,5301,17,-6.183,3.0697,10,A:ASP98;A:GLY338;A:GLY442;A:ILE172;A:PHE335;A:PHE341;A:SER438;A:THR439;A:TYR176;A:VAL501,9,0.5625,A:ALA169;A:ALA173;A:ALA96;A:SER336;A:THR497;A:TYR95,A:TYR176,2,0.0,2.338563,1,
prl_neutral_c1:s5301:r18,prl_neutral_c1,neutral,c1,1,0,5301,18,-6.017,3.2413,12,A:ARG104;A:ASP98;A:GLU493;A:ILE172;A:PHE335;A:PHE341;A:SER438;A:THR439;A:THR497;A:TYR175;A:TYR176;A:TYR95,8,0.4211,A:ALA169;A:ALA173;A:ALA96;A:GLY338;A:GLY442;A:SER336;A:VAL501,A:ARG104;A:GLU493;A:TYR175;A:TYR176,2,0.0,2.341624,1,
prl_neutral_c1:s5301:r19,prl_neutral_c1,neutral,c1,1,0,5301,19,-5.943,3.1661,13,A:ASP98;A:GLU493;A:GLY100;A:ILE172;A:LEU99;A:PHE335;A:PHE341;A:THR497;A:TRP103;A:TYR175;A:TYR176;A:TYR95;A:VAL501,7,0.3333,A:ALA169;A:ALA173;A:ALA96;A:GLY338;A:GLY442;A:SER336;A:SER438;A:THR439,A:GLU493;A:GLY100;A:LEU99;A:TRP103;A:TYR175;A:TYR176,2,0.0,2.33896,1,
prl_neutral_c1:s5301:r20,prl_neutral_c1,neutral,c1,1,0,5301,20,-5.921,3.0065,11,A:ASP98;A:GLY338;A:ILE172;A:PHE335;A:PHE341;A:SER438;A:THR497;A:TYR175;A:TYR176;A:TYR95;A:VAL501,9,0.5294,A:ALA169;A:ALA173;A:ALA96;A:GLY442;A:SER336;A:THR439,A:TYR175;A:TYR176,2,0.0,2.338888,1,
prl_neutral_c1:s5302:r1,prl_neutral_c1,neutral,c1,1,0,5302,1,-7.328,3.3525,11,A:ASP98;A:GLY442;A:ILE172;A:PHE335;A:PHE341;A:SER438;A:THR439;A:TYR175;A:TYR176;A:TYR95;A:VAL501,9,0.5294,A:ALA169;A:ALA173;A:ALA96;A:GLY338;A:SER336;A:THR497,A:TYR175;A:TYR176,2,0.0,2.337954,1,
prl_neutral_c1:s5302:r2,prl_neutral_c1,neutral,c1,1,0,5302,2,-7.298,3.3115,12,A:ARG104;A:ASP98;A:GLY100;A:ILE172;A:PHE335;A:PHE341;A:SER438;A:THR497;A:TYR175;A:TYR176;A:TYR95;A:VAL501,8,0.4211,A:ALA169;A:ALA173;A:ALA96;A:GLY338;A:GLY442;A:SER336;A:THR439,A:ARG104;A:GLY100;A:TYR175;A:TYR176,2,0.0,2.336738,1,
prl_neutral_c1:s5302:r3,prl_neutral_c1,neutral,c1,1,0,5302,3,-7.117,3.2478,11,A:ASP98;A:GLY338;A:GLY442;A:ILE172;A:PHE335;A:PHE341;A:SER438;A:THR439;A:TYR175;A:TYR176;A:TYR95,9,0.5294,A:ALA169;A:ALA173;A:ALA96;A:SER336;A:THR497;A:VAL501,A:TYR175;A:TYR176,2,0.0,2.338126,1,
prl_neutral_c1:s5302:r4,prl_neutral_c1,neutral,c1,1,0,5302,4,-6.721,3.2267,10,A:ASP98;A:GLY100;A:GLY338;A:ILE172;A:PHE335;A:PHE341;A:TYR175;A:TYR176;A:TYR95;A:VAL501,7,0.3889,A:ALA169;A:ALA173;A:ALA96;A:GLY442;A:SER336;A:SER438;A:THR439;A:THR497,A:GLY100;A:TYR175;A:TYR176,2,0.0,2.337785,1,
prl_neutral_c1:s5302:r5,prl_neutral_c1,neutral,c1,1,0,5302,5,-6.719,2.7094,12,A:ASP98;A:GLU493;A:GLY100;A:ILE172;A:LEU99;A:PHE335;A:PHE341;A:TRP103;A:TYR175;A:TYR176;A:TYR95;A:VAL501,6,0.2857,A:ALA169;A:ALA173;A:ALA96;A:GLY338;A:GLY442;A:SER336;A:SER438;A:THR439;A:THR497,A:GLU493;A:GLY100;A:LEU99;A:TRP103;A:TYR175;A:TYR176,2,0.0,2.339746,1,
prl_neutral_c1:s5302:r6,prl_neutral_c1,neutral,c1,1,0,5302,6,-6.613,3.134,12,A:ALA173;A:ASP98;A:GLY442;A:ILE172;A:PHE335;A:SER438;A:THR439;A:THR497;A:TYR175;A:TYR176;A:TYR95;A:VAL501,10,0.5882,A:ALA169;A:ALA96;A:GLY338;A:PHE341;A:SER336,A:TYR175;A:TYR176,2,0.0,2.338699,1,
prl_neutral_c1:s5302:r7,prl_neutral_c1,neutral,c1,1,0,5302,7,-6.522,3.4418,11,A:ARG104;A:ASP98;A:GLN332;A:GLY100;A:GLY442;A:ILE172;A:PHE335;A:SER438;A:THR497;A:TYR176;A:TYR95,7,0.3684,A:ALA169;A:ALA173;A:ALA96;A:GLY338;A:PHE341;A:SER336;A:THR439;A:VAL501,A:ARG104;A:GLN332;A:GLY100;A:TYR176,2,0.0,2.335982,1,
prl_neutral_c1:s5302:r8,prl_neutral_c1,neutral,c1,1,0,5302,8,-6.508,3.1252,12,A:ALA173;A:ASP98;A:GLY442;A:ILE172;A:LEU443;A:PHE335;A:PHE341;A:SER438;A:THR439;A:TYR176;A:TYR95;A:VAL501,10,0.5882,A:ALA169;A:ALA96;A:GLY338;A:SER336;A:THR497,A:LEU443;A:TYR176,2,0.0,2.339254,1,
prl_neutral_c1:s5302:r9,prl_neutral_c1,neutral,c1,1,0,5302,9,-6.48,2.9304,11,A:ASP98;A:GLU493;A:GLY338;A:ILE172;A:PHE335;A:PHE341;A:SER438;A:TYR175;A:TYR176;A:TYR95;A:VAL501,8,0.4444,A:ALA169;A:ALA173;A:ALA96;A:GLY442;A:SER336;A:THR439;A:THR497,A:GLU493;A:TYR175;A:TYR176,2,0.0,2.338483,1,
prl_neutral_c1:s5302:r10,prl_neutral_c1,neutral,c1,1,0,5302,10,-6.411,3.1987,10,A:ASP98;A:ILE172;A:PHE335;A:PHE341;A:SER438;A:THR439;A:THR497;A:TYR176;A:TYR95;A:VAL501,9,0.5625,A:ALA169;A:ALA173;A:ALA96;A:GLY338;A:GLY442;A:SER336,A:TYR176,2,0.0,2.340201,1,
prl_neutral_c1:s5302:r11,prl_neutral_c1,neutral,c1,1,0,5302,11,-6.408,3.337,10,A:ASP98;A:GLY100;A:ILE172;A:PHE335;A:PHE341;A:SER438;A:TRP103;A:TYR175;A:TYR176;A:TYR95,6,0.3158,A:ALA169;A:ALA173;A:ALA96;A:GLY338;A:GLY442;A:SER336;A:THR439;A:THR497;A:VAL501,A:GLY100;A:TRP103;A:TYR175;A:TYR176,2,0.0,2.337593,1,
prl_neutral_c1:s5302:r12,prl_neutral_c1,neutral,c1,1,0,5302,12,-6.338,3.2224,13,A:ASP98;A:GLU493;A:GLY100;A:GLY442;A:ILE172;A:LEU99;A:PHE335;A:PHE341;A:SER438;A:TRP103;A:TYR175;A:TYR176;A:TYR95,7,0.3333,A:ALA169;A:ALA173;A:ALA96;A:GLY338;A:SER336;A:THR439;A:THR497;A:VAL501,A:GLU493;A:GLY100;A:LEU99;A:TRP103;A:TYR175;A:TYR176,2,0.0,2.340111,1,
prl_neutral_c1:s5302:r13,prl_neutral_c1,neutral,c1,1,0,5302,13,-6.26,3.2238,14,A:ARG104;A:ASP98;A:GLN332;A:GLU493;A:GLY100;A:GLY442;A:ILE172;A:PHE335;A:PHE341;A:SER438;A:THR439;A:TRP103;A:TYR175;A:TYR176,7,0.3182,A:ALA169;A:ALA173;A:ALA96;A:GLY338;A:SER336;A:THR497;A:TYR95;A:VAL501,A:ARG104;A:GLN332;A:GLU493;A:GLY100;A:TRP103;A:TYR175;A:TYR176,2,0.0,2.338297,1,
prl_neutral_c1:s5302:r14,prl_neutral_c1,neutral,c1,1,0,5302,14,-6.238,2.9775,13,A:ASP98;A:GLU493;A:GLY100;A:GLY338;A:LEU99;A:PHE335;A:PHE341;A:THR497;A:TRP103;A:TYR175;A:TYR176;A:TYR95;A:VAL501,7,0.3333,A:ALA169;A:ALA173;A:ALA96;A:GLY442;A:ILE172;A:SER336;A:SER438;A:THR439,A:GLU493;A:GLY100;A:LEU99;A:TRP103;A:TYR175;A:TYR176,2,0.0,2.343041,1,
prl_neutral_c1:s5302:r15,prl_neutral_c1,neutral,c1,1,0,5302,15,-6.211,2.7002,9,A:ALA173;A:GLY442;A:ILE172;A:PHE335;A:SER438;A:THR439;A:THR497;A:TYR176;A:TYR95,8,0.5,A:ALA169;A:ALA96;A:ASP98;A:GLY338;A:PHE341;A:SER336;A:VAL501,A:TYR176,2,0.0,2.341458,1,
prl_neutral_c1:s5302:r16,prl_neutral_c1,neutral,c1,1,0,5302,16,-6.145,3.3416,13,A:ALA169;A:ALA173;A:ASP98;A:GLY100;A:GLY442;A:ILE172;A:PHE335;A:PHE341;A:SER438;A:THR439;A:TYR175;A:TYR176;A:TYR95,10,0.5556,A:ALA96;A:GLY338;A:SER336;A:THR497;A:VAL501,A:GLY100;A:TYR175;A:TYR176,2,0.0,2.334539,1,
prl_neutral_c1:s5302:r17,prl_neutral_c1,neutral,c1,1,0,5302,17,-6.069,3.4356,9,A:ARG104;A:ASP98;A:GLY442;A:ILE172;A:PHE335;A:SER438;A:THR497;A:TYR176;A:TYR95,7,0.4118,A:ALA169;A:ALA173;A:ALA96;A:GLY338;A:PHE341;A:SER336;A:THR439;A:VAL501,A:ARG104;A:TYR176,2,0.0,2.338996,1,
prl_neutral_c1:s5302:r18,prl_neutral_c1,neutral,c1,1,0,5302,18,-5.98,3.2061,16,A:ARG104;A:ASP98;A:GLN332;A:GLU493;A:GLY100;A:GLY338;A:ILE172;A:PHE335;A:PHE341;A:SER336;A:THR497;A:TRP103;A:TYR175;A:TYR176;A:TYR95;A:VAL501,9,0.4091,A:ALA169;A:ALA173;A:ALA96;A:GLY442;A:SER438;A:THR439,A:ARG104;A:GLN332;A:GLU493;A:GLY100;A:TRP103;A:TYR175;A:TYR176,2,0.0,2.340935,1,
prl_neutral_c1:s5302:r19,prl_neutral_c1,neutral,c1,1,0,5302,19,-5.905,3.0095,9,A:ARG104;A:ASP98;A:GLU493;A:ILE172;A:PHE335;A:SER438;A:THR497;A:TYR175;A:TYR176,5,0.2632,A:ALA169;A:ALA173;A:ALA96;A:GLY338;A:GLY442;A:PHE341;A:SER336;A:THR439;A:TYR95;A:VAL501,A:ARG104;A:GLU493;A:TYR175;A:TYR176,2,0.0,2.338339,1,
prl_neutral_c1:s5302:r20,prl_neutral_c1,neutral,c1,1,0,5302,20,-5.734,3.0505,13,A:ALA173;A:ARG104;A:ASP98;A:GLY100;A:GLY442;A:ILE172;A:PHE335;A:SER438;A:THR439;A:TRP103;A:TYR175;A:TYR176;A:TYR95,8,0.4,A:ALA169;A:ALA96;A:GLY338;A:PHE341;A:SER336;A:THR497;A:VAL501,A:ARG104;A:GLY100;A:TRP103;A:TYR175;A:TYR176,2,0.0,2.336895,1,
prl_neutral_c1:s5303:r1,prl_neutral_c1,neutral,c1,1,0,5303,1,-7.298,3.2508,11,A:ASP98;A:GLY442;A:ILE172;A:PHE335;A:PHE341;A:SER438;A:THR439;A:TYR175;A:TYR176;A:TYR95;A:VAL501,9,0.5294,A:ALA169;A:ALA173;A:ALA96;A:GLY338;A:SER336;A:THR497,A:TYR175;A:TYR176,2,0.0,2.334723,1,
prl_neutral_c1:s5303:r2,prl_neutral_c1,neutral,c1,1,0,5303,2,-7.224,3.3416,13,A:ARG104;A:ASP98;A:GLY100;A:GLY338;A:ILE172;A:PHE335;A:PHE341;A:SER438;A:THR497;A:TYR175;A:TYR176;A:TYR95;A:VAL501,9,0.4737,A:ALA169;A:ALA173;A:ALA96;A:GLY442;A:SER336;A:THR439,A:ARG104;A:GLY100;A:TYR175;A:TYR176,2,0.0,2.341901,1,
prl_neutral_c1:s5303:r3,prl_neutral_c1,neutral,c1,1,0,5303,3,-7.122,3.2425,11,A:ASP98;A:GLY338;A:GLY442;A:ILE172;A:PHE335;A:PHE341;A:SER438;A:THR439;A:TYR175;A:TYR176;A:TYR95,9,0.5294,A:ALA169;A:ALA173;A:ALA96;A:SER336;A:THR497;A:VAL501,A:TYR175;A:TYR176,2,0.0,2.335857,1,
prl_neutral_c1:s5303:r4,prl_neutral_c1,neutral,c1,1,0,5303,4,-6.868,2.7989,12,A:ALA96;A:ASP98;A:ILE172;A:PHE334;A:PHE335;A:PHE341;A:SER336;A:SER438;A:TYR175;A:TYR176;A:TYR95;A:VAL501,9,0.5,A:ALA169;A:ALA173;A:GLY338;A:GLY442;A:THR439;A:THR497,A:PHE334;A:TYR175;A:TYR176,2,0.0,2.335413,1,
prl_neutral_c1:s5303:r5,prl_neutral_c1,neutral,c1,1,0,5303,5,-6.859,3.1681,12,A:ALA173;A:ASN177;A:ASP98;A:GLY442;A:ILE172;A:LEU443;A:PHE335;A:PHE341;A:SER438;A:THR439;A:TYR176;A:VAL501,9,0.5,A:ALA169;A:ALA96;A:GLY338;A:SER336;A:THR497;A:TYR95,A:ASN177;A:LEU443;A:TYR176,2,0.0,2.341605,1,
prl_neutral_c1:s5303:r6,prl_neutral_c1,neutral,c1,1,0,5303,6,-6.811,2.9767,12,A:ASP98;A:GLY338;A:ILE172;A:LEU337;A:PHE335;A:SER336;A:SER438;A:THR497;A:TYR175;A:TYR176;A:TYR95;A:VAL501,9,0.5,A:ALA169;A:ALA173;A:ALA96;A:GLY442;A:PHE341;A:THR439,A:LEU337;A:TYR175;A:TYR176,2,0.0,2.3388,1,
prl_neutral_c1:s5303:r7,prl_neutral_c1,neutral,c1,1,0,5303,7,-6.75,3.0118,12,A:ASP98;A:GLY338;A:ILE172;A:PHE335;A:PHE341;A:SER438;A:THR439;A:THR497;A:TYR175;A:TYR176;A:TYR95;A:VAL501,10,0.5882,A:ALA169;A:ALA173;A:ALA96;A:GLY442;A:SER336,A:TYR175;A:TYR176,2,0.0,2.341342,1,
prl_neutral_c1:s5303:r8,prl_neutral_c1,neutral,c1,1,0,5303,8,-6.716,2.926,12,A:ASP98;A:GLY338;A:ILE172;A:LEU337;A:PHE335;A:SER336;A:SER438;A:THR497;A:TYR175;A:TYR176;A:TYR95;A:VAL501,9,0.5,A:ALA169;A:ALA173;A:ALA96;A:GLY442;A:PHE341;A:THR439,A:LEU337;A:TYR175;A:TYR176,2,0.0,2.335689,1,
prl_neutral_c1:s5303:r9,prl_neutral_c1,neutral,c1,1,0,5303,9,-6.603,3.2401,12,A:ASP98;A:GLY338;A:GLY442;A:ILE172;A:PHE335;A:PHE341;A:SER438;A:THR497;A:TYR175;A:TYR176;A:TYR95;A:VAL501,10,0.5882,A:ALA169;A:ALA173;A:ALA96;A:SER336;A:THR439,A:TYR175;A:TYR176,2,0.0,2.338983,1,
prl_neutral_c1:s5303:r10,prl_neutral_c1,neutral,c1,1,0,5303,10,-6.518,3.0941,11,A:ALA173;A:GLY442;A:ILE172;A:PHE335;A:PHE341;A:SER438;A:THR439;A:THR497;A:TYR175;A:TYR176;A:VAL501,9,0.5294,A:ALA169;A:ALA96;A:ASP98;A:GLY338;A:SER336;A:TYR95,A:TYR175;A:TYR176,2,0.0,2.341541,1,
prl_neutral_c1:s5303:r11,prl_neutral_c1,neutral,c1,1,0,5303,11,-6.497,2.8407,13,A:ASP98;A:GLU493;A:GLY100;A:GLY338;A:ILE172;A:ILE179;A:LEU99;A:PHE335;A:PHE341;A:TRP103;A:TYR175;A:TYR176;A:TYR95,6,0.2727,A:ALA169;A:ALA173;A:ALA96;A:GLY442;A:SER336;A:SER438;A:THR439;A:THR497;A:VAL501,A:GLU493;A:GLY100;A:ILE179;A:LEU99;A:TRP103;A:TYR175;A:TYR176,2,0.0,2.339091,1,
prl_neutral_c1:s5303:r12,prl_neutral_c1,neutral,c1,1,0,5303,12,-6.439,3.0312,12,A:ASP98;A:GLU493;A:GLY100;A:ILE172;A:LEU99;A:PHE341;A:THR497;A:TRP103;A:TYR175;A:TYR176;A:TYR95;A:VAL501,6,0.2857,A:ALA169;A:ALA173;A:ALA96;A:GLY338;A:GLY442;A:PHE335;A:SER336;A:SER438;A:THR439,A:GLU493;A:GLY100;A:LEU99;A:TRP103;A:TYR175;A:TYR176,2,0.0,2.337766,1,
prl_neutral_c1:s5303:r13,prl_neutral_c1,neutral,c1,1,0,5303,13,-6.365,3.3935,15,A:ALA169;A:ALA173;A:ASP98;A:GLY338;A:GLY442;A:ILE172;A:PHE334;A:PHE335;A:PHE341;A:SER438;A:THR439;A:TYR175;A:TYR176;A:TYR95;A:VAL501,12,0.6667,A:ALA96;A:SER336;A:THR497,A:PHE334;A:TYR175;A:TYR176,2,0.0,2.338513,1,
prl_neutral_c1:s5303:r14,prl_neutral_c1,neutral,c1,1,0,5303,14,-6.352,3.2283,10,A:ARG104;A:ASP98;A:GLN332;A:GLY100;A:GLY442;A:ILE172;A:PHE335;A:SER438;A:THR497;A:TYR176,6,0.3158,A:ALA169;A:ALA173;A:ALA96;A:GLY338;A:PHE341;A:SER336;A:THR439;A:TYR95;A:VAL501,A:ARG104;A:GLN332;A:GLY100;A:TYR176,2,0.0,2.342138,1,
prl_neutral_c1:s5303:r15,prl_neutral_c1,neutral,c1,1,0,5303,15,-6.219,3.073,13,A:ALA169;A:ALA173;A:ASP98;A:GLY338;A:GLY442;A:ILE172;A:LEU443;A:PHE335;A:PHE341;A:SER438;A:THR439;A:TYR176;A:TYR95,11,0.6471,A:ALA96;A:SER336;A:THR497;A:VAL501,A:LEU443;A:TYR176,2,0.0,2.339419,1,
prl_neutral_c1:s5303:r16,prl_neutral_c1,neutral,c1,1,0,5303,16,-6.139,3.1543,16,A:ALA173;A:ARG104;A:ASN177;A:ASP98;A:GLU493;A:GLY100;A:GLY442;A:ILE172;A:LEU443;A:PHE335;A:PHE341;A:SER438;A:THR439;A:TRP103;A:TYR175;A:TYR176,8,0.3478,A:ALA169;A:ALA96;A:GLY338;A:SER336;A:THR497;A:TYR95;A:VAL501,A:ARG104;A:ASN177;A:GLU493;A:GLY100;A:LEU443;A:TRP103;A:TYR175;A:TYR176,2,0.0,2.339314,1,
prl_neutral_c1:s5303:r17,prl_neutral_c1,neutral,c1,1,0,5303,17,-6.029,2.8169,11,A:ARG104;A:GLU493;A:GLY338;A:ILE172;A:PHE335;A:PHE341;A:PRO339;A:THR497;A:TYR175;A:TYR95;A:VAL501,7,0.3684,A:ALA169;A:ALA173;A:ALA96;A:ASP98;A:GLY442;A:SER336;A:SER438;A:THR439,A:ARG104;A:GLU493;A:PRO339;A:TYR175,2,0.0,2.34059,1,
prl_neutral_c1:s5303:r18,prl_neutral_c1,neutral,c1,1,0,5303,18,-5.997,2.9731,10,A:ASP98;A:ILE172;A:PHE335;A:PHE341;A:SER438;A:THR497;A:TYR175;A:TYR176;A:TYR95;A:VAL501,8,0.4706,A:ALA169;A:ALA173;A:ALA96;A:GLY338;A:GLY442;A:SER336;A:THR439,A:TYR175;A:TYR176,2,0.0,2.339016,1,
prl_neutral_c1:s5303:r19,prl_neutral_c1,neutral,c1,1,0,5303,19,-5.936,3.0415,13,A:ASP98;A:GLU493;A:GLY338;A:ILE172;A:PHE334;A:PHE335;A:PHE341;A:THR497;A:TRP103;A:TYR175;A:TYR176;A:TYR95;A:VAL501,8,0.4,A:ALA169;A:ALA173;A:ALA96;A:GLY442;A:SER336;A:SER438;A:THR439,A:GLU493;A:PHE334;A:TRP103;A:TYR175;A:TYR176,2,0.0,2.338641,1,
prl_neutral_c1:s5303:r20,prl_neutral_c1,neutral,c1,1,0,5303,20,-5.923,3.1111,10,A:ARG104;A:ASP98;A:GLY100;A:GLY338;A:ILE172;A:PHE335;A:PHE341;A:TYR175;A:TYR95;A:VAL501,7,0.3889,A:ALA169;A:ALA173;A:ALA96;A:GLY442;A:SER336;A:SER438;A:THR439;A:THR497,A:ARG104;A:GLY100;A:TYR175,2,0.0,2.33635,1,
prl_neutral_c2:s5301:r1,prl_neutral_c2,neutral,c2,-1,0,5301,1,-8.717,2.7966,13,A:ALA169;A:ALA173;A:GLY442;A:ILE172;A:PHE335;A:PHE341;A:SER438;A:THR439;A:THR497;A:TYR175;A:TYR176;A:TYR95;A:VAL501,11,0.6471,A:ALA96;A:ASP98;A:GLY338;A:SER336,A:TYR175;A:TYR176,2,0.0,-2.158768,-1,
prl_neutral_c2:s5301:r2,prl_neutral_c2,neutral,c2,-1,0,5301,2,-8.632,2.962,12,A:ASP98;A:GLY338;A:GLY442;A:ILE172;A:PHE335;A:PHE341;A:SER438;A:THR497;A:TYR175;A:TYR176;A:TYR95;A:VAL501,10,0.5882,A:ALA169;A:ALA173;A:ALA96;A:SER336;A:THR439,A:TYR175;A:TYR176,2,0.0,-2.160036,-1,
prl_neutral_c2:s5301:r3,prl_neutral_c2,neutral,c2,-1,0,5301,3,-8.496,3.3211,13,A:ARG104;A:ASP98;A:GLY100;A:GLY338;A:ILE172;A:PHE335;A:PHE341;A:SER438;A:THR497;A:TYR175;A:TYR176;A:TYR95;A:VAL501,9,0.4737,A:ALA169;A:ALA173;A:ALA96;A:GLY442;A:SER336;A:THR439,A:ARG104;A:GLY100;A:TYR175;A:TYR176,2,0.0,-2.159295,-1,
prl_neutral_c2:s5301:r4,prl_neutral_c2,neutral,c2,-1,0,5301,4,-8.471,3.0027,12,A:ALA96;A:ASP98;A:ILE172;A:PHE335;A:PHE341;A:SER336;A:SER438;A:THR497;A:TYR175;A:TYR176;A:TYR95;A:VAL501,10,0.5882,A:ALA169;A:ALA173;A:GLY338;A:GLY442;A:THR439,A:TYR175;A:TYR176,2,0.0,-2.154197,-1,
prl_neutral_c2:s5301:r5,prl_neutral_c2,neutral,c2,-1,0,5301,5,-8.42,3.1429,10,A:ASP98;A:GLY442;A:ILE172;A:PHE341;A:SER438;A:THR439;A:TYR175;A:TYR176;A:TYR95;A:VAL501,8,0.4706,A:ALA169;A:ALA173;A:ALA96;A:GLY338;A:PHE335;A:SER336;A:THR497,A:TYR175;A:TYR176,2,0.0,-2.160966,-1,
prl_neutral_c2:s5301:r6,prl_neutral_c2,neutral,c2,-1,0,5301,6,-8.323,3.2949,10,A:ASP98;A:GLY442;A:ILE172;A:PHE341;A:SER438;A:THR439;A:TYR175;A:TYR176;A:TYR95;A:VAL501,8,0.4706,A:ALA169;A:ALA173;A:ALA96;A:GLY338;A:PHE335;A:SER336;A:THR497,A:TYR175;A:TYR176,2,0.0,-2.157498,-1,
prl_neutral_c2:s5301:r7,prl_neutral_c2,neutral,c2,-1,0,5301,7,-8.111,3.2044,14,A:ALA173;A:ASP98;A:GLY338;A:GLY442;A:ILE172;A:PHE335;A:PHE341;A:SER438;A:THR439;A:THR497;A:TYR175;A:TYR176;A:TYR95;A:VAL501,12,0.7059,A:ALA169;A:ALA96;A:SER336,A:TYR175;A:TYR176,2,0.0,-2.156491,-1,
prl_neutral_c2:s5301:r8,prl_neutral_c2,neutral,c2,-1,0,5301,8,-8.09,2.9115,14,A:ALA173;A:ASP98;A:GLY338;A:GLY442;A:ILE172;A:LEU337;A:PHE335;A:PHE341;A:SER336;A:SER438;A:THR439;A:TYR176;A:TYR95;A:VAL501,12,0.7059,A:ALA169;A:ALA96;A:THR497,A:LEU337;A:TYR176,2,0.0,-2.159989,-1,
prl_neutral_c2:s5301:r9,prl_neutral_c2,neutral,c2,-1,0,5301,9,-7.903,3.0917,14,A:ALA96;A:ASP98;A:GLU493;A:GLY100;A:GLY338;A:ILE179;A:LEU99;A:PHE335;A:SER336;A:SER438;A:TRP103;A:TYR175;A:TYR176;A:TYR95,7,0.3182,A:ALA169;A:ALA173;A:GLY442;A:ILE172;A:PHE341;A:THR439;A:THR497;A:VAL501,A:GLU493;A:GLY100;A:ILE179;A:LEU99;A:TRP103;A:TYR175;A:TYR176,2,0.0,-2.155524,-1,
prl_neutral_c2:s5301:r10,prl_neutral_c2,neutral,c2,-1,0,5301,10,-7.716,2.9047,13,A:ALA96;A:ASP98;A:GLY338;A:ILE172;A:PHE334;A:PHE335;A:PHE341;A:SER336;A:SER438;A:THR497;A:TYR175;A:TYR95;A:VAL501,11,0.6471,A:ALA169;A:ALA173;A:GLY442;A:THR439,A:PHE334;A:TYR175,2,0.0,-2.157381,-1,
prl_neutral_c2:s5301:r11,prl_neutral_c2,neutral,c2,-1,0,5301,11,-7.685,3.3479,12,A:ARG104;A:GLN332;A:GLY100;A:GLY442;A:ILE172;A:PHE335;A:PHE341;A:SER438;A:THR497;A:TYR175;A:TYR176;A:TYR95,7,0.35,A:ALA169;A:ALA173;A:ALA96;A:ASP98;A:GLY338;A:SER336;A:THR439;A:VAL501,A:ARG104;A:GLN332;A:GLY100;A:TYR175;A:TYR176,2,0.0,-2.156695,-1,
prl_neutral_c2:s5301:r12,prl_neutral_c2,neutral,c2,-1,0,5301,12,-7.645,3.2595,13,A:ASP98;A:GLU493;A:GLY100;A:GLY338;A:ILE172;A:LEU99;A:PHE335;A:PHE341;A:SER438;A:TRP103;A:TYR175;A:TYR176;A:TYR95,7,0.3333,A:ALA169;A:ALA173;A:ALA96;A:GLY442;A:SER336;A:THR439;A:THR497;A:VAL501,A:GLU493;A:GLY100;A:LEU99;A:TRP103;A:TYR175;A:TYR176,2,0.0,-2.157917,-1,
prl_neutral_c2:s5301:r13,prl_neutral_c2,neutral,c2,-1,0,5301,13,-7.563,2.9338,11,A:ASP98;A:GLY100;A:GLY338;A:ILE172;A:LEU99;A:PHE335;A:PHE341;A:TRP103;A:TYR175;A:TYR176;A:VAL501,6,0.3,A:ALA169;A:ALA173;A:ALA96;A:GLY442;A:SER336;A:SER438;A:THR439;A:THR497;A:TYR95,A:GLY100;A:LEU99;A:TRP103;A:TYR175;A:TYR176,2,0.0,-2.161201,-1,
prl_neutral_c2:s5301:r14,prl_neutral_c2,neutral,c2,-1,0,5301,14,-7.417,3.0315,14,A:ALA173;A:ARG104;A:ASP98;A:GLU493;A:GLY100;A:ILE172;A:PHE335;A:PHE341;A:SER438;A:THR439;A:THR497;A:TRP103;A:TYR175;A:TYR176,8,0.381,A:ALA169;A:ALA96;A:GLY338;A:GLY442;A:SER336;A:TYR95;A:VAL501,A:ARG104;A:GLU493;A:GLY100;A:TRP103;A:TYR175;A:TYR176,2,0.0,-2.158553,-1,
prl_neutral_c2:s5301:r15,prl_neutral_c2,neutral,c2,-1,0,5301,15,-7.415,3.177,12,A:ARG104;A:ASP98;A:GLU493;A:GLY100;A:GLY338;A:ILE179;A:LEU99;A:PHE335;A:TRP103;A:TYR175;A:TYR176;A:TYR95,4,0.1739,A:ALA169;A:ALA173;A:ALA96;A:GLY442;A:ILE172;A:PHE341;A:SER336;A:SER438;A:THR439;A:THR497;A:VAL501,A:ARG104;A:GLU493;A:GLY100;A:ILE179;A:LEU99;A:TRP103;A:TYR175;A:TYR176,2,0.0,-2.161236,-1,
prl_neutral_c2:s5301:r16,prl_neutral_c2,neutral,c2,-1,0,5301,16,-7.367,3.1761,12,A:ALA173;A:GLY442;A:ILE172;A:LEU443;A:PHE335;A:PHE341;A:SER438;A:THR439;A:THR497;A:TYR175;A:TYR176;A:TYR95,9,0.5,A:ALA169;A:ALA96;A:ASP98;A:GLY338;A:SER336;A:VAL501,A:LEU443;A:TYR175;A:TYR176,2,0.0,-2.162195,-1,
prl_neutral_c2:s5301:r17,prl_neutral_c2,neutral,c2,-1,0,5301,17,-7.365,3.2086,9,A:ARG104;A:GLY100;A:GLY338;A:ILE172;A:PHE335;A:SER438;A:THR497;A:TRP103;A:TYR176,5,0.2632,A:ALA169;A:ALA173;A:ALA96;A:ASP98;A:GLY442;A:PHE341;A:SER336;A:THR439;A:TYR95;A:VAL501,A:ARG104;A:GLY100;A:TRP103;A:TYR176,2,0.0,-2.160417,-1,
prl_neutral_c2:s5301:r18,prl_neutral_c2,neutral,c2,-1,0,5301,18,-7.32,3.2114,10,A:ASP98;A:ILE172;A:PHE335;A:PHE341;A:SER438;A:THR497;A:TYR175;A:TYR176;A:TYR95;A:VAL501,8,0.4706,A:ALA169;A:ALA173;A:ALA96;A:GLY338;A:GLY442;A:SER336;A:THR439,A:TYR175;A:TYR176,2,0.0,-2.15977,-1,
prl_neutral_c2:s5301:r19,prl_neutral_c2,neutral,c2,-1,0,5301,19,-7.239,3.1843,13,A:ARG104;A:ASP98;A:GLN332;A:GLY100;A:GLY338;A:ILE172;A:PHE334;A:PHE335;A:PHE341;A:SER336;A:TYR175;A:TYR176;A:VAL501,7,0.3333,A:ALA169;A:ALA173;A:ALA96;A:GLY442;A:SER438;A:THR439;A:THR497;A:TYR95,A:ARG104;A:GLN332;A:GLY100;A:PHE334;A:TYR175;A:TYR176,2,0.0,-2.159755,-1,
prl_neutral_c2:s5301:r20,prl_neutral_c2,neutral,c2,-1,0,5301,20,-7.09,3.1075,9,A:ARG104;A:ASP98;A:GLY100;A:ILE172;A:PHE335;A:PHE341;A:SER438;A:TRP103;A:TYR175,5,0.2632,A:ALA169;A:ALA173;A:ALA96;A:GLY338;A:GLY442;A:SER336;A:THR439;A:THR497;A:TYR95;A:VAL501,A:ARG104;A:GLY100;A:TRP103;A:TYR175,2,0.0,-2.156709,-1,
prl_neutral_c2:s5302:r1,prl_neutral_c2,neutral,c2,-1,0,5302,1,-8.729,2.761,13,A:ALA169;A:ALA173;A:GLY442;A:ILE172;A:PHE335;A:PHE341;A:SER438;A:THR439;A:THR497;A:TYR175;A:TYR176;A:TYR95;A:VAL501,11,0.6471,A:ALA96;A:ASP98;A:GLY338;A:SER336,A:TYR175;A:TYR176,2,0.0,-2.156795,-1,
prl_neutral_c2:s5302:r2,prl_neutral_c2,neutral,c2,-1,0,5302,2,-8.637,3.0635,13,A:ALA173;A:ASN177;A:ASP98;A:GLY442;A:ILE172;A:LEU443;A:PHE335;A:PHE341;A:SER438;A:THR439;A:TYR176;A:TYR95;A:VAL501,10,0.5556,A:ALA169;A:ALA96;A:GLY338;A:SER336;A:THR497,A:ASN177;A:LEU443;A:TYR176,2,0.0,-2.159462,-1,
prl_neutral_c2:s5302:r3,prl_neutral_c2,neutral,c2,-1,0,5302,3,-8.623,3.0312,12,A:ASP98;A:GLY442;A:ILE172;A:PHE335;A:PHE341;A:SER438;A:THR439;A:THR497;A:TYR175;A:TYR176;A:TYR95;A:VAL501,10,0.5882,A:ALA169;A:ALA173;A:ALA96;A:GLY338;A:SER336,A:TYR175;A:TYR176,2,0.0,-2.158091,-1,
prl_neutral_c2:s5302:r4,prl_neutral_c2,neutral,c2,-1,0,5302,4,-8.503,3.3234,12,A:ARG104;A:ASP98;A:GLY100;A:GLY338;A:ILE172;A:PHE335;A:PHE341;A:SER438;A:THR497;A:TYR175;A:TYR95;A:VAL501,9,0.5,A:ALA169;A:ALA173;A:ALA96;A:GLY442;A:SER336;A:THR439,A:ARG104;A:GLY100;A:TYR175,2,0.0,-2.158419,-1,
prl_neutral_c2:s5302:r5,prl_neutral_c2,neutral,c2,-1,0,5302,5,-8.502,2.9267,11,A:ASP98;A:ILE172;A:PHE335;A:PHE341;A:SER438;A:THR439;A:THR497;A:TYR175;A:TYR176;A:TYR95;A:VAL501,9,0.5294,A:ALA169;A:ALA173;A:ALA96;A:GLY338;A:GLY442;A:SER336,A:TYR175;A:TYR176,2,0.0,-2.160592,-1,
prl_neutral_c2:s5302:r6,prl_neutral_c2,neutral,c2,-1,0,5302,6,-8.398,3.1641,13,A:ALA173;A:ASP98;A:GLY338;A:GLY442;A:ILE172;A:PHE335;A:PHE341;A:SER438;A:THR439;A:TYR175;A:TYR176;A:TYR95;A:VAL501,11,0.6471,A:ALA169;A:ALA96;A:SER336;A:THR497,A:TYR175;A:TYR176,2,0.0,-2.158918,-1,
prl_neutral_c2:s5302:r7,prl_neutral_c2,neutral,c2,-1,0,5302,7,-8.274,2.8732,12,A:ALA96;A:ASP98;A:ILE172;A:PHE335;A:PHE341;A:SER336;A:SER438;A:THR497;A:TYR175;A:TYR176;A:TYR95;A:VAL501,10,0.5882,A:ALA169;A:ALA173;A:GLY338;A:GLY442;A:THR439,A:TYR175;A:TYR176,2,0.0,-2.157711,-1,
prl_neutral_c2:s5302:r8,prl_neutral_c2,neutral,c2,-1,0,5302,8,-8.124,2.9756,13,A:ALA96;A:ASP98;A:GLY338;A:ILE172;A:LEU337;A:PHE335;A:PHE341;A:SER336;A:THR497;A:TYR175;A:TYR176;A:TYR95;A:VAL501,10,0.5556,A:ALA169;A:ALA173;A:GLY442;A:SER438;A:THR439,A:LEU337;A:TYR175;A:TYR176,2,0.0,-2.157194,-1,
prl_neutral_c2:s5302:r9,prl_neutral_c2,neutral,c2,-1,0,5302,9,-8.114,3.1366,15,A:ALA173;A:ALA96;A:ASN177;A:ASP98;A:GLY338;A:GLY442;A:ILE172;A:LEU443;A:PHE335;A:PHE341;A:SER336;A:SER438;A:THR439;A:TYR176;A:TYR95,12,0.6667,A:ALA169;A:THR497;A:VAL501,A:ASN177;A:LEU443;A:TYR176,2,0.0,-2.157452,-1,
prl_neutral_c2:s5302:r10,prl_neutral_c2,neutral,c2,-1,0,5302,10,-7.971,3.0292,13,A:GLU493;A:GLY100;A:GLY338;A:ILE172;A:ILE179;A:LEU337;A:LEU99;A:PHE335;A:SER336;A:TRP103;A:TYR175;A:TYR176;A:TYR95,5,0.2174,A:ALA169;A:ALA173;A:ALA96;A:ASP98;A:GLY442;A:PHE341;A:SER438;A:THR439;A:THR497;A:VAL501,A:GLU493;A:GLY100;A:ILE179;A:LEU337;A:LEU99;A:TRP103;A:TYR175;A:TYR176,2,0.0,-2.159787,-1,
prl_neutral_c2:s5302:r11,prl_neutral_c2,neutral,c2,-1,0,5302,11,-7.701,3.233,11,A:ARG104;A:ASP98;A:GLY100;A:GLY338;A:ILE172;A:PHE335;A:PHE341;A:TYR175;A:TYR176;A:TYR95;A:VAL501,7,0.3684,A:ALA169;A:ALA173;A:ALA96;A:GLY442;A:SER336;A:SER438;A:THR439;A:THR497,A:ARG104;A:GLY100;A:TYR175;A:TYR176,2,0.0,-2.155839,-1,
prl_neutral_c2:s5302:r12,prl_neutral_c2,neutral,c2,-1,0,5302,12,-7.694,3.1315,13,A:ASP98;A:GLU493;A:GLY100;A:GLY338;A:ILE172;A:ILE179;A:LEU99;A:PHE335;A:PHE341;A:TRP103;A:TYR175;A:TYR176;A:VAL501,6,0.2727,A:ALA169;A:ALA173;A:ALA96;A:GLY442;A:SER336;A:SER438;A:THR439;A:THR497;A:TYR95,A:GLU493;A:GLY100;A:ILE179;A:LEU99;A:TRP103;A:TYR175;A:TYR176,2,0.0,-2.158558,-1,
prl_neutral_c2:s5302:r13,prl_neutral_c2,neutral,c2,-1,0,5302,13,-7.636,3.1662,11,A:ARG104;A:ASP98;A:GLN332;A:GLY100;A:GLY338;A:ILE172;A:PHE335;A:SER438;A:THR497;A:TYR176;A:TYR95,7,0.3684,A:ALA169;A:ALA173;A:ALA96;A:GLY442;A:PHE341;A:SER336;A:THR439;A:VAL501,A:ARG104;A:GLN332;A:GLY100;A:TYR176,2,0.0,-2.158606,-1,
prl_neutral_c2:s5302:r14,prl_neutral_c2,neutral,c2,-1,0,5302,14,-7.609,3.0967,14,A:ALA173;A:ASN177;A:ASP98;A:GLY338;A:GLY442;A:ILE172;A:LEU443;A:PHE335;A:PHE341;A:SER438;A:THR439;A:TYR175;A:TYR176;A:TYR95,10,0.5263,A:ALA169;A:ALA96;A:SER336;A:THR497;A:VAL501,A:ASN177;A:LEU443;A:TYR175;A:TYR176,2,0.0,-2.161318,-1,
prl_neutral_c2:s5302:r15,prl_neutral_c2,neutral,c2,-1,0,5302,15,-7.566,3.2819,11,A:ASP98;A:GLY338;A:ILE172;A:LEU337;A:PHE335;A:SER336;A:SER438;A:THR497;A:TYR175;A:TYR176;A:TYR95,8,0.4444,A:ALA169;A:ALA173;A:ALA96;A:GLY442;A:PHE341;A:THR439;A:VAL501,A:LEU337;A:TYR175;A:TYR176,2,0.0,-2.156078,-1,
prl_neutral_c2:s5302:r16,prl_neutral_c2,neutral,c2,-1,0,5302,16,-7.547,3.1283,13,A:ALA173;A:ARG104;A:ASP98;A:GLY100;A:GLY442;A:ILE172;A:PHE335;A:PHE341;A:SER438;A:THR439;A:TYR175;A:TYR176;A:TYR95,9,0.4737,A:ALA169;A:ALA96;A:GLY338;A:SER336;A:THR497;A:VAL501,A:ARG104;A:GLY100;A:TYR175;A:TYR176,2,0.0,-2.158075,-1,
prl_neutral_c2:s5302:r17,prl_neutral_c2,neutral,c2,-1,0,5302,17,-7.54,3.1905,12,A:ASP98;A:GLY338;A:ILE172;A:PHE335;A:PHE341;A:SER438;A:THR439;A:THR497;A:TYR175;A:TYR176;A:TYR95;A:VAL501,10,0.5882,A:ALA169;A:ALA173;A:ALA96;A:GLY442;A:SER336,A:TYR175;A:TYR176,2,0.0,-2.158954,-1,
prl_neutral_c2:s5302:r18,prl_neutral_c2,neutral,c2,-1,0,5302,18,-7.496,3.1312,10,A:ARG104;A:GLN332;A:GLY100;A:ILE172;A:PHE335;A:PHE341;A:SER438;A:THR497;A:TYR175;A:TYR95,6,0.3158,A:ALA169;A:ALA173;A:ALA96;A:ASP98;A:GLY338;A:GLY442;A:SER336;A:THR439;A:VAL501,A:ARG104;A:GLN332;A:GLY100;A:TYR175,2,0.0,-2.159204,-1,
prl_neutral_c2:s5302:r19,prl_neutral_c2,neutral,c2,-1,0,5302,19,-7.32,2.8635,8,A:ASP98;A:ILE172;A:PHE335;A:PHE341;A:SER438;A:THR497;A:TYR175;A:TYR95,7,0.4375,A:ALA169;A:ALA173;A:ALA96;A:GLY338;A:GLY442;A:SER336;A:THR439;A:VAL501,A:TYR175,2,0.0,-2.158275,-1,
prl_neutral_c2:s5302:r20,prl_neutral_c2,neutral,c2,-1,0,5302,20,-7.135,3.0585,11,A:ASP98;A:GLU493;A:GLY442;A:ILE172;A:PHE335;A:SER438;A:THR439;A:THR497;A:TYR175;A:TYR176;A:TYR95,8,0.4444,A:ALA169;A:ALA173;A:ALA96;A:GLY338;A:PHE341;A:SER336;A:VAL501,A:GLU493;A:TYR175;A:TYR176,2,0.0,-2.158073,-1,
prl_neutral_c2:s5303:r1,prl_neutral_c2,neutral,c2,-1,0,5303,1,-7.263,2.9486,12,A:ASP98;A:GLY442;A:ILE172;A:PHE335;A:PHE341;A:SER438;A:THR439;A:THR497;A:TYR175;A:TYR176;A:TYR95;A:VAL501,10,0.5882,A:ALA169;A:ALA173;A:ALA96;A:GLY338;A:SER336,A:TYR175;A:TYR176,2,0.0,-2.161085,-1,
prl_neutral_c2:s5303:r2,prl_neutral_c2,neutral,c2,-1,0,5303,2,-7.147,3.2078,12,A:ARG104;A:ASP98;A:GLY100;A:GLY338;A:ILE172;A:PHE335;A:PHE341;A:SER438;A:THR497;A:TYR175;A:TYR95;A:VAL501,9,0.5,A:ALA169;A:ALA173;A:ALA96;A:GLY442;A:SER336;A:THR439,A:ARG104;A:GLY100;A:TYR175,2,0.0,-2.156342,-1,
prl_neutral_c2:s5303:r3,prl_neutral_c2,neutral,c2,-1,0,5303,3,-7.113,3.134,13,A:ALA173;A:ASP98;A:GLY338;A:GLY442;A:ILE172;A:PHE335;A:PHE341;A:SER438;A:THR439;A:TYR175;A:TYR176;A:TYR95;A:VAL501,11,0.6471,A:ALA169;A:ALA96;A:SER336;A:THR497,A:TYR175;A:TYR176,2,0.0,-2.158694,-1,
prl_neutral_c2:s5303:r4,prl_neutral_c2,neutral,c2,-1,0,5303,4,-6.921,3.1808,11,A:ARG104;A:ASP98;A:GLY100;A:GLY338;A:ILE172;A:PHE335;A:PHE341;A:SER438;A:TYR175;A:TYR176;A:TYR95,7,0.3684,A:ALA169;A:ALA173;A:ALA96;A:GLY442;A:SER336;A:THR439;A:THR497;A:VAL501,A:ARG104;A:GLY100;A:TYR175;A:TYR176,2,0.0,-2.158013,-1,
prl_neutral_c2:s5303:r5,prl_neutral_c2,neutral,c2,-1,0,5303,5,-6.903,3.3729,13,A:ALA173;A:ASP98;A:GLY338;A:GLY442;A:ILE172;A:PHE335;A:PHE341;A:SER438;A:THR439;A:TYR175;A:TYR176;A:TYR95;A:VAL501,11,0.6471,A:ALA169;A:ALA96;A:SER336;A:THR497,A:TYR175;A:TYR176,2,0.0,-2.158804,-1,
prl_neutral_c2:s5303:r6,prl_neutral_c2,neutral,c2,-1,0,5303,6,-6.732,3.0339,14,A:ALA173;A:ASP98;A:GLY338;A:GLY442;A:ILE172;A:PHE335;A:PHE341;A:SER438;A:THR439;A:THR497;A:TYR175;A:TYR176;A:TYR95;A:VAL501,12,0.7059,A:ALA169;A:ALA96;A:SER336,A:TYR175;A:TYR176,2,0.0,-2.15888,-1,
prl_neutral_c2:s5303:r7,prl_neutral_c2,neutral,c2,-1,0,5303,7,-6.654,3.1653,11,A:ASP98;A:GLY100;A:GLY338;A:ILE172;A:PHE334;A:PHE335;A:PHE341;A:THR497;A:TYR175;A:TYR95;A:VAL501,8,0.4444,A:ALA169;A:ALA173;A:ALA96;A:GLY442;A:SER336;A:SER438;A:THR439,A:GLY100;A:PHE334;A:TYR175,2,0.0,-2.154174,-1,
prl_neutral_c2:s5303:r8,prl_neutral_c2,neutral,c2,-1,0,5303,8,-6.654,3.2938,11,A:ASP98;A:GLY338;A:ILE172;A:PHE335;A:PHE341;A:SER438;A:THR497;A:TYR175;A:TYR176;A:TYR95;A:VAL501,9,0.5294,A:ALA169;A:ALA173;A:ALA96;A:GLY442;A:SER336;A:THR439,A:TYR175;A:TYR176,2,0.0,-2.161588,-1,
prl_neutral_c2:s5303:r9,prl_neutral_c2,neutral,c2,-1,0,5303,9,-6.645,2.9413,10,A:GLU493;A:GLY338;A:ILE172;A:PHE335;A:PHE341;A:PRO339;A:THR497;A:TYR175;A:TYR95;A:VAL501,7,0.3889,A:ALA169;A:ALA173;A:ALA96;A:ASP98;A:GLY442;A:SER336;A:SER438;A:THR439,A:GLU493;A:PRO339;A:TYR175,2,0.0,-2.161034,-1,
prl_neutral_c2:s5303:r10,prl_neutral_c2,neutral,c2,-1,0,5303,10,-6.625,2.8695,13,A:ALA96;A:ASP98;A:GLY338;A:ILE172;A:LEU337;A:PHE334;A:PHE335;A:PHE341;A:SER336;A:THR497;A:TYR175;A:TYR95;A:VAL501,10,0.5556,A:ALA169;A:ALA173;A:GLY442;A:SER438;A:THR439,A:LEU337;A:PHE334;A:TYR175,2,0.0,-2.156566,-1,
prl_neutral_c2:s5303:r11,prl_neutral_c2,neutral,c2,-1,0,5303,11,-6.476,2.866,12,A:ASP98;A:GLU493;A:GLY100;A:GLY338;A:ILE172;A:ILE179;A:LEU99;A:PHE341;A:TRP103;A:TYR175;A:TYR176;A:TYR95,5,0.2273,A:ALA169;A:ALA173;A:ALA96;A:GLY442;A:PHE335;A:SER336;A:SER438;A:THR439;A:THR497;A:VAL501,A:GLU493;A:GLY100;A:ILE179;A:LEU99;A:TRP103;A:TYR175;A:TYR176,2,0.0,-2.157562,-1,
prl_neutral_c2:s5303:r12,prl_neutral_c2,neutral,c2,-1,0,5303,12,-6.449,2.9049,14,A:ALA173;A:ASN177;A:ASP98;A:GLU493;A:GLY100;A:GLY442;A:ILE172;A:LEU99;A:PHE341;A:SER438;A:THR439;A:TRP103;A:TYR175;A:TYR176,7,0.3182,A:ALA169;A:ALA96;A:GLY338;A:PHE335;A:SER336;A:THR497;A:TYR95;A:VAL501,A:ASN177;A:GLU493;A:GLY100;A:LEU99;A:TRP103;A:TYR175;A:TYR176,2,0.0,-2.15998,-1,
prl_neutral_c2:s5303:r13,prl_neutral_c2,neutral,c2,-1,0,5303,13,-6.439,3.1653,10,A:ARG104;A:ASP98;A:GLN332;A:GLY100;A:ILE172;A:PHE335;A:SER438;A:THR497;A:TYR176;A:TYR95,6,0.3158,A:ALA169;A:ALA173;A:ALA96;A:GLY338;A:GLY442;A:PHE341;A:SER336;A:THR439;A:VAL501,A:ARG104;A:GLN332;A:GLY100;A:TYR176,2,0.0,-2.159992,-1,
prl_neutral_c2:s5303:r14,prl_neutral_c2,neutral,c2,-1,0,5303,14,-6.333,2.8286,12,A:ALA96;A:ASP98;A:GLY338;A:ILE172;A:PHE334;A:PHE335;A:PHE341;A:SER336;A:SER438;A:TYR175;A:TYR95;A:VAL501,10,0.5882,A:ALA169;A:ALA173;A:GLY442;A:THR439;A:THR497,A:PHE334;A:TYR175,2,0.0,-2.157131,-1,
prl_neutral_c2:s5303:r15,prl_neutral_c2,neutral,c2,-1,0,5303,15,-6.229,2.8308,12,A:ASP98;A:GLU493;A:GLY338;A:ILE172;A:PHE335;A:PHE341;A:SER438;A:TRP103;A:TYR175;A:TYR176;A:TYR95;A:VAL501,8,0.4211,A:ALA169;A:ALA173;A:ALA96;A:GLY442;A:SER336;A:THR439;A:THR497,A:GLU493;A:TRP103;A:TYR175;A:TYR176,2,0.0,-2.159434,-1,
prl_neutral_c2:s5303:r16,prl_neutral_c2,neutral,c2,-1,0,5303,16,-6.224,3.1056,10,A:ASP98;A:GLY100;A:GLY338;A:ILE172;A:PHE335;A:SER336;A:SER438;A:TYR175;A:TYR176;A:TYR95,7,0.3889,A:ALA169;A:ALA173;A:ALA96;A:GLY442;A:PHE341;A:THR439;A:THR497;A:VAL501,A:GLY100;A:TYR175;A:TYR176,2,0.0,-2.154393,-1,
prl_neutral_c2:s5303:r17,prl_neutral_c2,neutral,c2,-1,0,5303,17,-6.067,3.2026,12,A:ARG104;A:ASP98;A:GLY100;A:GLY338;A:ILE172;A:ILE179;A:LEU99;A:PHE335;A:PHE341;A:TRP103;A:TYR176;A:VAL501,6,0.2857,A:ALA169;A:ALA173;A:ALA96;A:GLY442;A:SER336;A:SER438;A:THR439;A:THR497;A:TYR95,A:ARG104;A:GLY100;A:ILE179;A:LEU99;A:TRP103;A:TYR176,2,0.0,-2.158457,-1,
prl_neutral_c2:s5303:r18,prl_neutral_c2,neutral,c2,-1,0,5303,18,-6.032,3.1246,13,A:ASP98;A:GLU493;A:GLY100;A:GLY442;A:ILE172;A:PHE335;A:PHE341;A:SER438;A:THR497;A:TRP103;A:TYR175;A:TYR176;A:TYR95,8,0.4,A:ALA169;A:ALA173;A:ALA96;A:GLY338;A:SER336;A:THR439;A:VAL501,A:GLU493;A:GLY100;A:TRP103;A:TYR175;A:TYR176,2,0.0,-2.159564,-1,
prl_neutral_c2:s5303:r19,prl_neutral_c2,neutral,c2,-1,0,5303,19,-5.993,2.7927,10,A:ASP98;A:GLY338;A:ILE172;A:PHE335;A:SER438;A:THR497;A:TYR175;A:TYR176;A:TYR95;A:VAL501,8,0.4706,A:ALA169;A:ALA173;A:ALA96;A:GLY442;A:PHE341;A:SER336;A:THR439,A:TYR175;A:TYR176,2,0.0,-2.16008,-1,
prl_neutral_c2:s5303:r20,prl_neutral_c2,neutral,c2,-1,0,5303,20,-5.847,3.2753,12,A:ARG104;A:ASP98;A:GLN332;A:GLY100;A:ILE172;A:PHE335;A:PHE341;A:SER438;A:TYR175;A:TYR176;A:TYR95;A:VAL501,7,0.35,A:ALA169;A:ALA173;A:ALA96;A:GLY338;A:GLY442;A:SER336;A:THR439;A:THR497,A:ARG104;A:GLN332;A:GLY100;A:TYR175;A:TYR176,2,0.0,-2.156846,-1,
prl_protonated_c1:s5301:r1,prl_protonated_c1,protonated,c1,-1,1,5301,1,-7.277,3.09,12,A:ASP98;A:GLY442;A:ILE172;A:PHE335;A:PHE341;A:SER438;A:THR439;A:THR497;A:TYR175;A:TYR176;A:TYR95;A:VAL501,10,0.5882,A:ALA169;A:ALA173;A:ALA96;A:GLY338;A:SER336,A:TYR175;A:TYR176,2,0.0,-2.33885,-1,-7.971939
prl_protonated_c1:s5301:r2,prl_protonated_c1,protonated,c1,-1,1,5301,2,-7.161,3.3188,10,A:ARG104;A:ASP98;A:GLY100;A:ILE172;A:PHE335;A:PHE341;A:THR497;A:TYR175;A:TYR95;A:VAL501,7,0.3889,A:ALA169;A:ALA173;A:ALA96;A:GLY338;A:GLY442;A:SER336;A:SER438;A:THR439,A:ARG104;A:GLY100;A:TYR175,2,0.0,-2.338801,-1,-7.965341
prl_protonated_c1:s5301:r3,prl_protonated_c1,protonated,c1,-1,1,5301,3,-7.079,3.0853,11,A:ASP98;A:GLY442;A:ILE172;A:PHE335;A:PHE341;A:SER438;A:THR439;A:TYR175;A:TYR176;A:TYR95;A:VAL501,9,0.5294,A:ALA169;A:ALA173;A:ALA96;A:GLY338;A:SER336;A:THR497,A:TYR175;A:TYR176,2,0.0,-2.338186,-1,-7.96579
prl_protonated_c1:s5301:r4,prl_protonated_c1,protonated,c1,-1,1,5301,4,-7.029,2.9785,14,A:ALA173;A:ALA96;A:ASN177;A:ASP98;A:GLY442;A:ILE172;A:LEU443;A:PHE335;A:PHE341;A:SER336;A:SER438;A:THR439;A:TYR176;A:TYR95,11,0.6111,A:ALA169;A:GLY338;A:THR497;A:VAL501,A:ASN177;A:LEU443;A:TYR176,2,0.0,-2.341615,-1,-7.965051
prl_protonated_c1:s5301:r5,prl_protonated_c1,protonated,c1,-1,1,5301,5,-6.866,3.1605,12,A:ALA173;A:ASP98;A:GLY338;A:GLY442;A:ILE172;A:PHE335;A:PHE341;A:SER438;A:THR439;A:TYR176;A:TYR95;A:VAL501,11,0.6875,A:ALA169;A:ALA96;A:SER336;A:THR497,A:TYR176,2,0.0,-2.339332,-1,-7.964766
prl_protonated_c1:s5301:r6,prl_protonated_c1,protonated,c1,-1,1,5301,6,-6.64,2.8731,9,A:GLU493;A:GLY338;A:ILE172;A:PHE335;A:PHE341;A:PRO339;A:THR497;A:TYR95;A:VAL501,7,0.4118,A:ALA169;A:ALA173;A:ALA96;A:ASP98;A:GLY442;A:SER336;A:SER438;A:THR439,A:GLU493;A:PRO339,2,0.0,-2.342014,-1,-7.966466
prl_protonated_c1:s5301:r7,prl_protonated_c1,protonated,c1,-1,1,5301,7,-6.633,3.2322,11,A:GLY338;A:GLY442;A:ILE172;A:PHE335;A:PHE341;A:SER438;A:THR497;A:TYR175;A:TYR176;A:TYR95;A:VAL501,9,0.5294,A:ALA169;A:ALA173;A:ALA96;A:ASP98;A:SER336;A:THR439,A:TYR175;A:TYR176,2,0.0,-2.34054,-1,-7.966168
prl_protonated_c1:s5301:r8,prl_protonated_c1,protonated,c1,-1,1,5301,8,-6.528,3.4137,12,A:ARG104;A:GLN332;A:GLY100;A:GLY442;A:ILE172;A:PHE335;A:PHE341;A:SER438;A:THR439;A:THR497;A:TYR175;A:TYR176,7,0.35,A:ALA169;A:ALA173;A:ALA96;A:ASP98;A:GLY338;A:SER336;A:TYR95;A:VAL501,A:ARG104;A:GLN332;A:GLY100;A:TYR175;A:TYR176,2,0.0,-2.341862,-1,-7.967012
prl_protonated_c1:s5301:r9,prl_protonated_c1,protonated,c1,-1,1,5301,9,-6.465,3.0024,9,A:ARG104;A:GLN332;A:GLY100;A:GLY338;A:PHE335;A:PHE341;A:SER438;A:THR497;A:TYR95,6,0.3333,A:ALA169;A:ALA173;A:ALA96;A:ASP98;A:GLY442;A:ILE172;A:SER336;A:THR439;A:VAL501,A:ARG104;A:GLN332;A:GLY100,2,0.0,-2.341085,-1,-7.967252
prl_protonated_c1:s5301:r10,prl_protonated_c1,protonated,c1,-1,1,5301,10,-6.396,3.2743,10,A:ASP98;A:GLY100;A:GLY338;A:ILE172;A:PHE335;A:PHE341;A:TYR175;A:TYR176;A:TYR95;A:VAL501,7,0.3889,A:ALA169;A:ALA173;A:ALA96;A:GLY442;A:SER336;A:SER438;A:THR439;A:THR497,A:GLY100;A:TYR175;A:TYR176,2,0.0,-2.342172,-1,-7.968888
prl_protonated_c1:s5301:r11,prl_protonated_c1,protonated,c1,-1,1,5301,11,-6.332,2.835,11,A:ARG104;A:ASP98;A:GLY338;A:ILE172;A:PHE334;A:PHE335;A:PHE341;A:TYR175;A:TYR176;A:TYR95;A:VAL501,7,0.3684,A:ALA169;A:ALA173;A:ALA96;A:GLY442;A:SER336;A:SER438;A:THR439;A:THR497,A:ARG104;A:PHE334;A:TYR175;A:TYR176,2,0.0,-2.336313,-1,-7.961199
prl_protonated_c1:s5301:r12,prl_protonated_c1,protonated,c1,-1,1,5301,12,-6.307,2.9871,11,A:ASP98;A:GLU493;A:ILE172;A:PHE335;A:PHE341;A:SER438;A:THR497;A:TYR175;A:TYR176;A:TYR95;A:VAL501,8,0.4444,A:ALA169;A:ALA173;A:ALA96;A:GLY338;A:GLY442;A:SER336;A:THR439,A:GLU493;A:TYR175;A:TYR176,2,0.0,-2.337804,-1,-7.962858
prl_protonated_c1:s5301:r13,prl_protonated_c1,protonated,c1,-1,1,5301,13,-6.236,2.9695,10,A:ASP98;A:GLY338;A:ILE172;A:PHE335;A:PHE341;A:PRO339;A:THR497;A:TYR176;A:TYR95;A:VAL501,8,0.4706,A:ALA169;A:ALA173;A:ALA96;A:GLY442;A:SER336;A:SER438;A:THR439,A:PRO339;A:TYR176,2,0.0,-2.339669,-1,-7.960419
prl_protonated_c1:s5301:r14,prl_protonated_c1,protonated,c1,-1,1,5301,14,-6.1,3.3656,16,A:ARG104;A:ASP98;A:GLU493;A:GLY100;A:GLY338;A:ILE179;A:LEU99;A:PHE335;A:PHE341;A:PRO339;A:THR497;A:TRP103;A:TYR175;A:TYR176;A:TYR95;A:VAL501,7,0.2917,A:ALA169;A:ALA173;A:ALA96;A:GLY442;A:ILE172;A:SER336;A:SER438;A:THR439,A:ARG104;A:GLU493;A:GLY100;A:ILE179;A:LEU99;A:PRO339;A:TRP103;A:TYR175;A:TYR176,2,0.0,-2.339863,-1,-7.966846
prl_protonated_c1:s5301:r15,prl_protonated_c1,protonated,c1,-1,1,5301,15,-6.008,3.3438,12,A:ALA173;A:ARG104;A:ASP98;A:GLY100;A:GLY442;A:ILE172;A:PHE335;A:SER438;A:THR439;A:TYR175;A:TYR176;A:TYR95,8,0.4211,A:ALA169;A:ALA96;A:GLY338;A:PHE341;A:SER336;A:THR497;A:VAL501,A:ARG104;A:GLY100;A:TYR175;A:TYR176,2,0.0,-2.33724,-1,-7.969143
prl_protonated_c1:s5301:r16,prl_protonated_c1,protonated,c1,-1,1,5301,16,-5.995,3.0418,14,A:ASP98;A:GLU493;A:GLY100;A:GLY338;A:ILE172;A:LEU99;A:PHE335;A:PHE341;A:THR497;A:TRP103;A:TYR175;A:TYR176;A:TYR95;A:VAL501,8,0.381,A:ALA169;A:ALA173;A:ALA96;A:GLY442;A:SER336;A:SER438;A:THR439,A:GLU493;A:GLY100;A:LEU99;A:TRP103;A:TYR175;A:TYR176,2,0.0,-2.340049,-1,-7.965842
prl_protonated_c1:s5301:r17,prl_protonated_c1,protonated,c1,-1,1,5301,17,-5.958,3.027,11,A:ARG104;A:GLU493;A:GLY100;A:GLY338;A:ILE172;A:PHE335;A:PHE341;A:TYR175;A:TYR176;A:TYR95;A:VAL501,6,0.3,A:ALA169;A:ALA173;A:ALA96;A:ASP98;A:GLY442;A:SER336;A:SER438;A:THR439;A:THR497,A:ARG104;A:GLU493;A:GLY100;A:TYR175;A:TYR176,2,0.0,-2.338247,-1,-7.964296
prl_protonated_c1:s5301:r18,prl_protonated_c1,protonated,c1,-1,1,5301,18,-5.909,3.1528,13,A:ARG104;A:ASP98;A:GLN332;A:GLY100;A:GLY338;A:ILE172;A:PHE335;A:PHE341;A:SER336;A:THR497;A:TYR175;A:TYR95;A:VAL501,9,0.4737,A:ALA169;A:ALA173;A:ALA96;A:GLY442;A:SER438;A:THR439,A:ARG104;A:GLN332;A:GLY100;A:TYR175,2,0.0,-2.342639,-1,-7.966492
prl_protonated_c1:s5301:r19,prl_protonated_c1,protonated,c1,-1,1,5301,19,-5.903,3.3012,12,A:ARG104;A:ASP98;A:GLY100;A:GLY338;A:ILE172;A:PHE335;A:SER438;A:THR497;A:TRP103;A:TYR175;A:TYR176;A:TYR95,7,0.35,A:ALA169;A:ALA173;A:ALA96;A:GLY442;A:PHE341;A:SER336;A:THR439;A:VAL501,A:ARG104;A:GLY100;A:TRP103;A:TYR175;A:TYR176,2,0.0,-2.342054,-1,-7.964253
prl_protonated_c1:s5301:r20,prl_protonated_c1,protonated,c1,-1,1,5301,20,-5.894,3.2416,10,A:ARG104;A:ASP98;A:GLN332;A:GLY100;A:ILE172;A:PHE335;A:PHE341;A:TYR175;A:TYR95;A:VAL501,6,0.3158,A:ALA169;A:ALA173;A:ALA96;A:GLY338;A:GLY442;A:SER336;A:SER438;A:THR439;A:THR497,A:ARG104;A:GLN332;A:GLY100;A:TYR175,2,0.0,-2.336861,-1,-7.965167
prl_protonated_c1:s5302:r1,prl_protonated_c1,protonated,c1,-1,1,5302,1,-7.601,3.31,13,A:ASP98;A:GLY338;A:GLY442;A:ILE172;A:PHE335;A:PHE341;A:SER438;A:THR439;A:THR497;A:TYR175;A:TYR176;A:TYR95;A:VAL501,11,0.6471,A:ALA169;A:ALA173;A:ALA96;A:SER336,A:TYR175;A:TYR176,2,0.0,-2.338013,-1,-7.9683
prl_protonated_c1:s5302:r2,prl_protonated_c1,protonated,c1,-1,1,5302,2,-7.513,2.882,13,A:ALA96;A:ASP98;A:GLY338;A:ILE172;A:PHE335;A:PHE341;A:SER336;A:SER438;A:THR497;A:TYR175;A:TYR176;A:TYR95;A:VAL501,11,0.6471,A:ALA169;A:ALA173;A:GLY442;A:THR439,A:TYR175;A:TYR176,2,0.0,-2.342367,-1,-7.970369
prl_protonated_c1:s5302:r3,prl_protonated_c1,protonated,c1,-1,1,5302,3,-7.504,3.257,12,A:ALA173;A:ASP98;A:GLY442;A:ILE172;A:LEU443;A:PHE335;A:PHE341;A:SER438;A:THR439;A:TYR176;A:TYR95;A:VAL501,10,0.5882,A:ALA169;A:ALA96;A:GLY338;A:SER336;A:THR497,A:LEU443;A:TYR176,2,0.0,-2.343321,-1,-7.966387
prl_protonated_c1:s5302:r4,prl_protonated_c1,protonated,c1,-1,1,5302,4,-7.483,3.3043,12,A:ARG104;A:ASP98;A:GLY100;A:GLY338;A:ILE172;A:PHE335;A:PHE341;A:THR497;A:TYR175;A:TYR176;A:TYR95;A:VAL501,8,0.4211,A:ALA169;A:ALA173;A:ALA96;A:GLY442;A:SER336;A:SER438;A:THR439,A:ARG104;A:GLY100;A:TYR175;A:TYR176,2,0.0,-2.341641,-1,-7.967054
prl_protonated_c1:s5302:r5,prl_protonated_c1,protonated,c1,-1,1,5302,5,-7.463,2.9152,11,A:ASP98;A:ILE172;A:PHE335;A:PHE341;A:SER438;A:THR439;A:THR497;A:TYR175;A:TYR176;A:TYR95;A:VAL501,9,0.5294,A:ALA169;A:ALA173;A:ALA96;A:GLY338;A:GLY442;A:SER336,A:TYR175;A:TYR176,2,0.0,-2.338935,-1,-7.966016
prl_protonated_c1:s5302:r6,prl_protonated_c1,protonated,c1,-1,1,5302,6,-7.46,3.1026,13,A:ALA173;A:ASP98;A:GLY338;A:GLY442;A:ILE172;A:PHE335;A:PHE341;A:SER438;A:THR439;A:TYR175;A:TYR176;A:TYR95;A:VAL501,11,0.6471,A:ALA169;A:ALA96;A:SER336;A:THR497,A:TYR175;A:TYR176,2,0.0,-2.339505,-1,-7.968805
prl_protonated_c1:s5302:r7,prl_protonated_c1,protonated,c1,-1,1,5302,7,-7.093,3.1131,12,A:ARG104;A:ASP98;A:GLY100;A:GLY338;A:ILE172;A:PHE334;A:PHE335;A:PHE341;A:THR497;A:TYR175;A:TYR95;A:VAL501,8,0.4211,A:ALA169;A:ALA173;A:ALA96;A:GLY442;A:SER336;A:SER438;A:THR439,A:ARG104;A:GLY100;A:PHE334;A:TYR175,2,0.0,-2.33889,-1,-7.965903
prl_protonated_c1:s5302:r8,prl_protonated_c1,protonated,c1,-1,1,5302,8,-6.87,3.1503,13,A:ALA173;A:ARG104;A:ASN177;A:ASP98;A:GLY442;A:ILE172;A:PHE335;A:PHE341;A:SER438;A:THR439;A:TYR175;A:TYR176;A:TYR95,9,0.4737,A:ALA169;A:ALA96;A:GLY338;A:SER336;A:THR497;A:VAL501,A:ARG104;A:ASN177;A:TYR175;A:TYR176,2,0.0,-2.339022,-1,-7.966328
prl_protonated_c1:s5302:r9,prl_protonated_c1,protonated,c1,-1,1,5302,9,-6.845,3.0067,13,A:ALA169;A:ALA173;A:GLY338;A:GLY442;A:ILE172;A:LEU443;A:PHE335;A:SER438;A:THR439;A:THR497;A:TYR176;A:TYR95;A:VAL501,11,0.6471,A:ALA96;A:ASP98;A:PHE341;A:SER336,A:LEU443;A:TYR176,2,0.0,-2.338748,-1,-7.968414
prl_protonated_c1:s5302:r10,prl_protonated_c1,protonated,c1,-1,1,5302,10,-6.841,3.0946,12,A:ALA173;A:ASP98;A:GLY442;A:ILE172;A:LEU443;A:PHE335;A:PHE341;A:SER438;A:THR439;A:THR497;A:TYR175;A:TYR176,9,0.5,A:ALA169;A:ALA96;A:GLY338;A:SER336;A:TYR95;A:VAL501,A:LEU443;A:TYR175;A:TYR176,2,0.0,-2.338104,-1,-7.963913
prl_protonated_c1:s5302:r11,prl_protonated_c1,protonated,c1,-1,1,5302,11,-6.825,3.0775,12,A:ALA169;A:ALA173;A:GLY338;A:GLY442;A:ILE172;A:PHE335;A:PHE341;A:SER438;A:THR439;A:THR497;A:TYR176;A:TYR95,11,0.6875,A:ALA96;A:ASP98;A:SER336;A:VAL501,A:TYR176,2,0.0,-2.339273,-1,-7.966071
prl_protonated_c1:s5302:r12,prl_protonated_c1,protonated,c1,-1,1,5302,12,-6.814,3.1957,10,A:ARG104;A:GLN332;A:GLY100;A:GLY338;A:ILE172;A:PHE335;A:SER438;A:THR497;A:TYR176;A:TYR95,6,0.3158,A:ALA169;A:ALA173;A:ALA96;A:ASP98;A:GLY442;A:PHE341;A:SER336;A:THR439;A:VAL501,A:ARG104;A:GLN332;A:GLY100;A:TYR176,2,0.0,-2.336978,-1,-7.964079
prl_protonated_c1:s5302:r13,prl_protonated_c1,protonated,c1,-1,1,5302,13,-6.804,3.1435,12,A:ALA173;A:ASN177;A:ASP98;A:GLY442;A:ILE172;A:PHE335;A:PHE341;A:SER438;A:THR439;A:TYR176;A:TYR95;A:VAL501,10,0.5882,A:ALA169;A:ALA96;A:GLY338;A:SER336;A:THR497,A:ASN177;A:TYR176,2,0.0,-2.33843,-1,-7.96773
prl_protonated_c1:s5302:r14,prl_protonated_c1,protonated,c1,-1,1,5302,14,-6.783,3.09,16,A:ALA169;A:ALA173;A:ASP98;A:GLY338;A:GLY442;A:ILE172;A:LEU443;A:PHE334;A:PHE335;A:PHE341;A:PRO339;A:SER438;A:THR439;A:TYR176;A:TYR95;A:VAL501,12,0.6316,A:ALA96;A:SER336;A:THR497,A:LEU443;A:PHE334;A:PRO339;A:TYR176,2,0.0,-2.336619,-1,-7.966832
prl_protonated_c1:s5302:r15,prl_protonated_c1,protonated,c1,-1,1,5302,15,-6.653,3.2358,12,A:ARG104;A:ASP98;A:GLU493;A:GLY100;A:GLY338;A:ILE172;A:PHE334;A:PHE335;A:THR497;A:TRP103;A:TYR95;A:VAL501,7,0.35,A:ALA169;A:ALA173;A:ALA96;A:GLY442;A:PHE341;A:SER336;A:SER438;A:THR439,A:ARG104;A:GLU493;A:GLY100;A:PHE334;A:TRP103,2,0.0,-2.341579,-1,-7.964295
prl_protonated_c1:s5302:r16,prl_protonated_c1,protonated,c1,-1,1,5302,16,-6.448,2.7674,11,A:ASP98;A:GLY338;A:ILE172;A:PHE334;A:PHE335;A:PHE341;A:THR497;A:TYR175;A:TYR176;A:TYR95;A:VAL501,8,0.4444,A:ALA169;A:ALA173;A:ALA96;A:GLY442;A:SER336;A:SER438;A:THR439,A:PHE334;A:TYR175;A:TYR176,2,0.0,-2.339746,-1,-7.969177
prl_protonated_c1:s5302:r17,prl_protonated_c1,protonated,c1,-1,1,5302,17,-6.431,2.968,12,A:ALA96;A:ASP98;A:GLY338;A:ILE172;A:PHE335;A:SER336;A:SER438;A:THR497;A:TYR175;A:TYR176;A:TYR95;A:VAL501,10,0.5882,A:ALA169;A:ALA173;A:GLY442;A:PHE341;A:THR439,A:TYR175;A:TYR176,2,0.0,-2.337633,-1,-7.964335
prl_protonated_c1:s5302:r18,prl_protonated_c1,protonated,c1,-1,1,5302,18,-6.406,3.3233,12,A:ALA169;A:ALA173;A:ASP98;A:GLY338;A:GLY442;A:ILE172;A:PHE335;A:PHE341;A:SER438;A:THR439;A:TYR95;A:VAL501,12,0.8,A:ALA96;A:SER336;A:THR497,,2,0.0,-2.338909,-1,-7.971385
prl_protonated_c1:s5302:r19,prl_protonated_c1,protonated,c1,-1,1,5302,19,-6.379,2.9562,10,A:ASP98;A:GLY338;A:GLY442;A:ILE172;A:PHE335;A:PHE341;A:SER438;A:TYR176;A:TYR95;A:VAL501,9,0.5625,A:ALA169;A:ALA173;A:ALA96;A:SER336;A:THR439;A:THR497,A:TYR176,2,0.0,-2.340519,-1,-7.965785
prl_protonated_c1:s5302:r20,prl_protonated_c1,protonated,c1,-1,1,5302,20,-6.286,3.0444,12,A:ASP98;A:GLY338;A:GLY442;A:ILE172;A:PHE335;A:PHE341;A:SER438;A:THR497;A:TYR175;A:TYR176;A:TYR95;A:VAL501,10,0.5882,A:ALA169;A:ALA173;A:ALA96;A:SER336;A:THR439,A:TYR175;A:TYR176,2,0.0,-2.339489,-1,-7.965686
prl_protonated_c1:s5303:r1,prl_protonated_c1,protonated,c1,-1,1,5303,1,-7.318,3.0704,12,A:ASP98;A:GLY442;A:ILE172;A:PHE335;A:PHE341;A:SER438;A:THR439;A:THR497;A:TYR175;A:TYR176;A:TYR95;A:VAL501,10,0.5882,A:ALA169;A:ALA173;A:ALA96;A:GLY338;A:SER336,A:TYR175;A:TYR176,2,0.0,-2.339075,-1,-7.963437
prl_protonated_c1:s5303:r2,prl_protonated_c1,protonated,c1,-1,1,5303,2,-7.178,3.1226,12,A:ALA173;A:ASP98;A:GLY442;A:ILE172;A:LEU443;A:PHE335;A:PHE341;A:SER438;A:THR439;A:TYR176;A:TYR95;A:VAL501,10,0.5882,A:ALA169;A:ALA96;A:GLY338;A:SER336;A:THR497,A:LEU443;A:TYR176,2,0.0,-2.338558,-1,-7.966695
prl_protonated_c1:s5303:r3,prl_protonated_c1,protonated,c1,-1,1,5303,3,-7.166,3.2513,11,A:ARG104;A:ASP98;A:GLY100;A:GLY338;A:ILE172;A:PHE335;A:PHE341;A:THR497;A:TYR175;A:TYR95;A:VAL501,8,0.4444,A:ALA169;A:ALA173;A:ALA96;A:GLY442;A:SER336;A:SER438;A:THR439,A:ARG104;A:GLY100;A:TYR175,2,0.0,-2.339071,-1,-7.968329
prl_protonated_c1:s5303:r4,prl_protonated_c1,protonated,c1,-1,1,5303,4,-7.151,2.9506,12,A:ALA96;A:ASP98;A:ILE172;A:PHE335;A:PHE341;A:SER336;A:SER438;A:THR497;A:TYR175;A:TYR176;A:TYR95;A:VAL501,10,0.5882,A:ALA169;A:ALA173;A:GLY338;A:GLY442;A:THR439,A:TYR175;A:TYR176,2,0.0,-2.339611,-1,-7.966207
prl_protonated_c1:s5303:r5,prl_protonated_c1,protonated,c1,-1,1,5303,5,-7.098,3.2293,12,A:ALA173;A:ASP98;A:GLY338;A:GLY442;A:ILE172;A:PHE335;A:PHE341;A:SER438;A:THR439;A:TYR176;A:TYR95;A:VAL501,11,0.6875,A:ALA169;A:ALA96;A:SER336;A:THR497,A:TYR176,2,0.0,-2.341838,-1,-7.966047
prl_protonated_c1:s5303:r6,prl_protonated_c1,protonated,c1,-1,1,5303,6,-6.365,3.0561,11,A:ASP98;A:GLY338;A:ILE172;A:PHE335;A:PHE341;A:SER438;A:THR497;A:TYR175;A:TYR176;A:TYR95;A:VAL501,9,0.5294,A:ALA169;A:ALA173;A:ALA96;A:GLY442;A:SER336;A:THR439,A:TYR175;A:TYR176,2,0.0,-2.339624,-1,-7.96266
prl_protonated_c1:s5303:r7,prl_protonated_c1,protonated,c1,-1,1,5303,7,-6.355,2.8914,13,A:ASP98;A:GLU493;A:GLY100;A:ILE172;A:LEU99;A:PHE335;A:PHE341;A:THR497;A:TRP103;A:TYR175;A:TYR176;A:TYR95;A:VAL501,7,0.3333,A:ALA169;A:ALA173;A:ALA96;A:GLY338;A:GLY442;A:SER336;A:SER438;A:THR439,A:GLU493;A:GLY100;A:LEU99;A:TRP103;A:TYR175;A:TYR176,2,0.0,-2.336709,-1,-7.963089
prl_protonated_c1:s5303:r8,prl_protonated_c1,protonated,c1,-1,1,5303,8,-6.303,3.1883,13,A:ALA173;A:ARG104;A:ASP98;A:GLY100;A:GLY442;A:ILE172;A:LEU443;A:PHE335;A:PHE341;A:SER438;A:THR439;A:TYR175;A:TYR176,8,0.4,A:ALA169;A:ALA96;A:GLY338;A:SER336;A:THR497;A:TYR95;A:VAL501,A:ARG104;A:GLY100;A:LEU443;A:TYR175;A:TYR176,2,0.0,-2.341861,-1,-7.967554
prl_protonated_c1:s5303:r9,prl_protonated_c1,protonated,c1,-1,1,5303,9,-6.3,3.3643,12,A:ARG104;A:ASP98;A:GLY100;A:GLY442;A:ILE172;A:PHE335;A:PHE341;A:SER438;A:THR497;A:TRP103;A:TYR176;A:TYR95,8,0.4211,A:ALA169;A:ALA173;A:ALA96;A:GLY338;A:SER336;A:THR439;A:VAL501,A:ARG104;A:GLY100;A:TRP103;A:TYR176,2,0.0,-2.342082,-1,-7.964182
prl_protonated_c1:s5303:r10,prl_protonated_c1,protonated,c1,-1,1,5303,10,-6.295,3.3847,10,A:ARG104;A:ASP98;A:GLU493;A:GLY338;A:ILE172;A:PHE335;A:PHE341;A:THR497;A:TYR95;A:VAL501,8,0.4706,A:ALA169;A:ALA173;A:ALA96;A:GLY442;A:SER336;A:SER438;A:THR439,A:ARG104;A:GLU493,2,0.0,-2.338664,-1,-7.96984
prl_protonated_c1:s5303:r11,prl_protonated_c1,protonated,c1,-1,1,5303,11,-6.288,3.0247,13,A:ALA173;A:ASP98;A:GLU493;A:GLY100;A:GLY442;A:ILE172;A:LEU99;A:PHE335;A:SER438;A:THR439;A:TRP103;A:TYR175;A:TYR176,7,0.3333,A:ALA169;A:ALA96;A:GLY338;A:PHE341;A:SER336;A:THR497;A:TYR95;A:VAL501,A:GLU493;A:GLY100;A:LEU99;A:TRP103;A:TYR175;A:TYR176,2,0.0,-2.34023,-1,-7.963921
prl_protonated_c1:s5303:r12,prl_protonated_c1,protonated,c1,-1,1,5303,12,-6.177,3.1375,11,A:ASP98;A:GLY338;A:ILE172;A:PHE335;A:PHE341;A:SER438;A:THR439;A:THR497;A:TYR175;A:TYR95;A:VAL501,10,0.625,A:ALA169;A:ALA173;A:ALA96;A:GLY442;A:SER336,A:TYR175,2,0.0,-2.341148,-1,-7.963087
prl_protonated_c1:s5303:r13,prl_protonated_c1,protonated,c1,-1,1,5303,13,-6.112,2.7046,13,A:ASP98;A:GLY338;A:ILE172;A:PHE334;A:PHE335;A:PHE341;A:PRO339;A:SER438;A:THR497;A:TYR175;A:TYR176;A:TYR95;A:VAL501,9,0.4737,A:ALA169;A:ALA173;A:ALA96;A:GLY442;A:SER336;A:THR439,A:PHE334;A:PRO339;A:TYR175;A:TYR176,2,0.0,-2.33922,-1,-7.964728
prl_protonated_c1:s5303:r14,prl_protonated_c1,protonated,c1,-1,1,5303,14,-6.06,2.8186,10,A:ALA173;A:ASP98;A:GLY442;A:ILE172;A:PHE335;A:SER438;A:THR439;A:THR497;A:TYR175;A:TYR176,8,0.4706,A:ALA169;A:ALA96;A:GLY338;A:PHE341;A:SER336;A:TYR95;A:VAL501,A:TYR175;A:TYR176,2,0.0,-2.339337,-1,-7.964889
prl_protonated_c1:s5303:r15,prl_protonated_c1,protonated,c1,-1,1,5303,15,-6.003,3.3409,13,A:ASP98;A:GLU493;A:GLY100;A:GLY338;A:ILE179;A:LEU337;A:LEU99;A:PHE335;A:SER336;A:TRP103;A:TYR175;A:TYR176;A:TYR95,5,0.2174,A:ALA169;A:ALA173;A:ALA96;A:GLY442;A:ILE172;A:PHE341;A:SER438;A:THR439;A:THR497;A:VAL501,A:GLU493;A:GLY100;A:ILE179;A:LEU337;A:LEU99;A:TRP103;A:TYR175;A:TYR176,2,0.0,-2.338638,-1,-7.965421
prl_protonated_c1:s5303:r16,prl_protonated_c1,protonated,c1,-1,1,5303,16,-5.976,3.3889,12,A:ALA173;A:ASP98;A:GLY442;A:ILE172;A:PHE335;A:PHE341;A:SER438;A:THR439;A:THR497;A:TYR175;A:TYR176;A:VAL501,10,0.5882,A:ALA169;A:ALA96;A:GLY338;A:SER336;A:TYR95,A:TYR175;A:TYR176,2,0.0,-2.339286,-1,-7.966864
prl_protonated_c1:s5303:r17,prl_protonated_c1,protonated,c1,-1,1,5303,17,-5.914,3.1741,14,A:ALA169;A:ALA173;A:ASP98;A:GLY338;A:GLY442;A:ILE172;A:LEU443;A:PHE335;A:PHE341;A:SER438;A:THR439;A:TYR176;A:TYR95;A:VAL501,12,0.7059,A:ALA96;A:SER336;A:THR497,A:LEU443;A:TYR176,2,0.0,-2.337463,-1,-7.968916
prl_protonated_c1:s5303:r18,prl_protonated_c1,protonated,c1,-1,1,5303,18,-5.887,3.2126,10,A:ARG104;A:ASP98;A:GLY100;A:GLY338;A:PHE335;A:PHE341;A:TYR175;A:TYR176;A:TYR95;A:VAL501,6,0.3158,A:ALA169;A:ALA173;A:ALA96;A:GLY442;A:ILE172;A:SER336;A:SER438;A:THR439;A:THR497,A:ARG104;A:GLY100;A:TYR175;A:TYR176,2,0.0,-2.34031,-1,-7.970129
prl_protonated_c1:s5303:r19,prl_protonated_c1,protonated,c1,-1,1,5303,19,-5.867,3.0424,14,A:ASP98;A:GLU493;A:GLY100;A:GLY338;A:ILE172;A:LEU99;A:PHE335;A:PHE341;A:SER438;A:TRP103;A:TYR175;A:TYR176;A:TYR95;A:VAL501,8,0.381,A:ALA169;A:ALA173;A:ALA96;A:GLY442;A:SER336;A:THR439;A:THR497,A:GLU493;A:GLY100;A:LEU99;A:TRP103;A:TYR175;A:TYR176,2,0.0,-2.336012,-1,-7.968069
prl_protonated_c1:s5303:r20,prl_protonated_c1,protonated,c1,-1,1,5303,20,-5.86,3.1436,11,A:ARG104;A:ASP98;A:GLU493;A:GLY100;A:ILE172;A:PHE335;A:SER438;A:TRP103;A:TYR175;A:TYR176;A:TYR95,5,0.2381,A:ALA169;A:ALA173;A:ALA96;A:GLY338;A:GLY442;A:PHE341;A:SER336;A:THR439;A:THR497;A:VAL501,A:ARG104;A:GLU493;A:GLY100;A:TRP103;A:TYR175;A:TYR176,2,0.0,-2.340877,-1,-7.964188
prl_protonated_c2:s5301:r1,prl_protonated_c2,protonated,c2,1,1,5301,1,-7.388,3.3266,11,A:ASP98;A:GLY442;A:ILE172;A:PHE335;A:PHE341;A:SER438;A:THR439;A:TYR175;A:TYR176;A:TYR95;A:VAL501,9,0.5294,A:ALA169;A:ALA173;A:ALA96;A:GLY338;A:SER336;A:THR497,A:TYR175;A:TYR176,2,0.0,2.108625,1,7.824004
prl_protonated_c2:s5301:r2,prl_protonated_c2,protonated,c2,1,1,5301,2,-7.271,3.4093,10,A:GLY100;A:ILE172;A:PHE335;A:PHE341;A:SER438;A:THR497;A:TYR175;A:TYR176;A:TYR95;A:VAL501,7,0.3889,A:ALA169;A:ALA173;A:ALA96;A:ASP98;A:GLY338;A:GLY442;A:SER336;A:THR439,A:GLY100;A:TYR175;A:TYR176,2,0.0,2.104808,1,7.820562
prl_protonated_c2:s5301:r3,prl_protonated_c2,protonated,c2,1,1,5301,3,-7.125,3.1277,14,A:ALA173;A:ASP98;A:GLY338;A:GLY442;A:ILE172;A:LEU443;A:PHE335;A:PHE341;A:SER438;A:THR439;A:TYR175;A:TYR176;A:TYR95;A:VAL501,11,0.6111,A:ALA169;A:ALA96;A:SER336;A:THR497,A:LEU443;A:TYR175;A:TYR176,2,0.0,2.10798,1,7.829565
prl_protonated_c2:s5301:r4,prl_protonated_c2,protonated,c2,1,1,5301,4,-6.984,3.1218,13,A:ASP98;A:GLU493;A:GLY100;A:GLY442;A:ILE172;A:LEU99;A:PHE335;A:SER438;A:THR439;A:TRP103;A:TYR175;A:TYR176;A:TYR95,7,0.3333,A:ALA169;A:ALA173;A:ALA96;A:GLY338;A:PHE341;A:SER336;A:THR497;A:VAL501,A:GLU493;A:GLY100;A:LEU99;A:TRP103;A:TYR175;A:TYR176,2,0.0,2.106428,1,7.821069
prl_protonated_c2:s5301:r5,prl_protonated_c2,protonated,c2,1,1,5301,5,-6.891,3.1766,13,A:ASP98;A:GLY338;A:GLY442;A:ILE172;A:PHE335;A:PHE341;A:SER438;A:THR439;A:THR497;A:TYR175;A:TYR176;A:TYR95;A:VAL501,11,0.6471,A:ALA169;A:ALA173;A:ALA96;A:SER336,A:TYR175;A:TYR176,2,0.0,2.104656,1,7.823378
prl_protonated_c2:s5301:r6,prl_protonated_c2,protonated,c2,1,1,5301,6,-6.802,3.0531,16,A:ALA173;A:ALA96;A:ASN177;A:ASP98;A:GLY442;A:ILE172;A:LEU443;A:PHE335;A:PHE341;A:SER336;A:SER438;A:THR439;A:THR497;A:TYR175;A:TYR176;A:TYR95,12,0.6316,A:ALA169;A:GLY338;A:VAL501,A:ASN177;A:LEU443;A:TYR175;A:TYR176,2,0.0,2.10672,1,7.822822
prl_protonated_c2:s5301:r7,prl_protonated_c2,protonated,c2,1,1,5301,7,-6.735,3.1877,10,A:ASP98;A:GLY100;A:GLY338;A:ILE172;A:PHE335;A:PHE341;A:TYR175;A:TYR176;A:TYR95;A:VAL501,7,0.3889,A:ALA169;A:ALA173;A:ALA96;A:GLY442;A:SER336;A:SER438;A:THR439;A:THR497,A:GLY100;A:TYR175;A:TYR176,2,0.0,2.107657,1,7.826112
prl_protonated_c2:s5301:r8,prl_protonated_c2,protonated,c2,1,1,5301,8,-6.733,2.9176,11,A:ALA96;A:ASP98;A:ILE172;A:PHE335;A:PHE341;A:SER336;A:SER438;A:THR497;A:TYR175;A:TYR95;A:VAL501,10,0.625,A:ALA169;A:ALA173;A:GLY338;A:GLY442;A:THR439,A:TYR175,2,0.0,2.102519,1,7.820945
prl_protonated_c2:s5301:r9,prl_protonated_c2,protonated,c2,1,1,5301,9,-6.678,3.4263,12,A:ALA173;A:ASP98;A:GLY338;A:GLY442;A:ILE172;A:PHE335;A:SER438;A:THR439;A:THR497;A:TYR176;A:TYR95;A:VAL501,11,0.6875,A:ALA169;A:ALA96;A:PHE341;A:SER336,A:TYR176,2,0.0,2.103393,1,7.820084
prl_protonated_c2:s5301:r10,prl_protonated_c2,protonated,c2,1,1,5301,10,-6.585,3.3088,11,A:ARG104;A:GLN332;A:GLY100;A:GLY442;A:ILE172;A:PHE335;A:PHE341;A:SER438;A:THR497;A:TYR176;A:TYR95,7,0.3684,A:ALA169;A:ALA173;A:ALA96;A:ASP98;A:GLY338;A:SER336;A:THR439;A:VAL501,A:ARG104;A:GLN332;A:GLY100;A:TYR176,2,0.0,2.101825,1,7.820392
prl_protonated_c2:s5301:r11,prl_protonated_c2,protonated,c2,1,1,5301,11,-6.434,3.1355,14,A:ALA96;A:ASP98;A:GLU493;A:GLY100;A:GLY338;A:ILE172;A:PHE335;A:PHE341;A:SER336;A:TRP103;A:TYR175;A:TYR176;A:TYR95;A:VAL501,9,0.45,A:ALA169;A:ALA173;A:GLY442;A:SER438;A:THR439;A:THR497,A:GLU493;A:GLY100;A:TRP103;A:TYR175;A:TYR176,2,0.0,2.107299,1,7.821973
prl_protonated_c2:s5301:r12,prl_protonated_c2,protonated,c2,1,1,5301,12,-6.43,3.0967,10,A:ASP98;A:GLY338;A:ILE172;A:PHE335;A:SER438;A:THR439;A:THR497;A:TYR176;A:TYR95;A:VAL501,9,0.5625,A:ALA169;A:ALA173;A:ALA96;A:GLY442;A:PHE341;A:SER336,A:TYR176,2,0.0,2.103799,1,7.823063
prl_protonated_c2:s5301:r13,prl_protonated_c2,protonated,c2,1,1,5301,13,-6.285,3.1218,15,A:ALA169;A:ALA173;A:ASP98;A:GLY338;A:GLY442;A:ILE172;A:PHE334;A:PHE335;A:PHE341;A:SER438;A:THR439;A:TYR175;A:TYR176;A:TYR95;A:VAL501,12,0.6667,A:ALA96;A:SER336;A:THR497,A:PHE334;A:TYR175;A:TYR176,2,0.0,2.104281,1,7.82065
prl_protonated_c2:s5301:r14,prl_protonated_c2,protonated,c2,1,1,5301,14,-6.232,3.0403,13,A:ALA173;A:ASP98;A:GLY338;A:GLY442;A:ILE172;A:PHE335;A:PHE341;A:SER438;A:THR439;A:THR497;A:TYR176;A:TYR95;A:VAL501,12,0.75,A:ALA169;A:ALA96;A:SER336,A:TYR176,2,0.0,2.105583,1,7.821114
prl_protonated_c2:s5301:r15,prl_protonated_c2,protonated,c2,1,1,5301,15,-6.184,3.061,13,A:ALA173;A:ASP98;A:GLY100;A:GLY442;A:ILE172;A:LEU443;A:PHE335;A:PHE341;A:SER438;A:THR439;A:TYR175;A:TYR176;A:TYR95,9,0.4737,A:ALA169;A:ALA96;A:GLY338;A:SER336;A:THR497;A:VAL501,A:GLY100;A:LEU443;A:TYR175;A:TYR176,2,0.0,2.106685,1,7.827974
prl_protonated_c2:s5301:r16,prl_protonated_c2,protonated,c2,1,1,5301,16,-6.14,2.9422,13,A:ALA169;A:ALA173;A:ASP98;A:GLU493;A:GLY442;A:ILE172;A:PHE335;A:PHE341;A:SER438;A:THR439;A:TYR175;A:TYR176;A:TYR95,10,0.5556,A:ALA96;A:GLY338;A:SER336;A:THR497;A:VAL501,A:GLU493;A:TYR175;A:TYR176,2,0.0,2.103858,1,7.822124
prl_protonated_c2:s5301:r17,prl_protonated_c2,protonated,c2,1,1,5301,17,-6.064,2.9316,8,A:ASP98;A:GLU493;A:ILE172;A:PHE335;A:PHE341;A:THR497;A:TYR176;A:TYR95,6,0.3529,A:ALA169;A:ALA173;A:ALA96;A:GLY338;A:GLY442;A:SER336;A:SER438;A:THR439;A:VAL501,A:GLU493;A:TYR176,2,0.0,2.106463,1,7.82807
prl_protonated_c2:s5301:r18,prl_protonated_c2,protonated,c2,1,1,5301,18,-6.024,2.9219,10,A:ASP98;A:GLU493;A:GLY338;A:ILE172;A:PHE335;A:PHE341;A:THR497;A:TYR175;A:TYR95;A:VAL501,8,0.4706,A:ALA169;A:ALA173;A:ALA96;A:GLY442;A:SER336;A:SER438;A:THR439,A:GLU493;A:TYR175,2,0.0,2.10407,1,7.825222
prl_protonated_c2:s5301:r19,prl_protonated_c2,protonated,c2,1,1,5301,19,-6.024,2.7454,10,A:ARG104;A:ASP98;A:ILE172;A:PHE335;A:PHE341;A:THR497;A:TYR175;A:TYR176;A:TYR95;A:VAL501,7,0.3889,A:ALA169;A:ALA173;A:ALA96;A:GLY338;A:GLY442;A:SER336;A:SER438;A:THR439,A:ARG104;A:TYR175;A:TYR176,2,0.0,2.106776,1,7.821553
prl_protonated_c2:s5301:r20,prl_protonated_c2,protonated,c2,1,1,5301,20,-5.996,3.4362,13,A:ALA173;A:ARG104;A:ASP98;A:GLU493;A:GLY100;A:GLY442;A:ILE172;A:PHE335;A:SER438;A:THR439;A:TRP103;A:TYR175;A:TYR176,7,0.3333,A:ALA169;A:ALA96;A:GLY338;A:PHE341;A:SER336;A:THR497;A:TYR95;A:VAL501,A:ARG104;A:GLU493;A:GLY100;A:TRP103;A:TYR175;A:TYR176,2,0.0,2.102936,1,7.82332
prl_protonated_c2:s5302:r1,prl_protonated_c2,protonated,c2,1,1,5302,1,-7.329,3.3696,11,A:ASP98;A:GLY442;A:ILE172;A:PHE335;A:PHE341;A:SER438;A:THR439;A:TYR175;A:TYR176;A:TYR95;A:VAL501,9,0.5294,A:ALA169;A:ALA173;A:ALA96;A:GLY338;A:SER336;A:THR497,A:TYR175;A:TYR176,2,0.0,2.104647,1,7.82137
prl_protonated_c2:s5302:r2,prl_protonated_c2,protonated,c2,1,1,5302,2,-7.236,3.439,11,A:ASP98;A:GLY100;A:ILE172;A:PHE335;A:PHE341;A:SER438;A:THR497;A:TYR175;A:TYR176;A:TYR95;A:VAL501,8,0.4444,A:ALA169;A:ALA173;A:ALA96;A:GLY338;A:GLY442;A:SER336;A:THR439,A:GLY100;A:TYR175;A:TYR176,2,0.0,2.103944,1,7.82851
prl_protonated_c2:s5302:r3,prl_protonated_c2,protonated,c2,1,1,5302,3,-7.197,3.1904,11,A:ASP98;A:GLY338;A:GLY442;A:ILE172;A:PHE335;A:PHE341;A:SER438;A:THR439;A:TYR175;A:TYR176;A:TYR95,9,0.5294,A:ALA169;A:ALA173;A:ALA96;A:SER336;A:THR497;A:VAL501,A:TYR175;A:TYR176,2,0.0,2.103218,1,7.820861
prl_protonated_c2:s5302:r4,prl_protonated_c2,protonated,c2,1,1,5302,4,-6.971,3.0497,11,A:ASP98;A:GLY338;A:ILE172;A:PHE335;A:PHE341;A:SER438;A:THR497;A:TYR175;A:TYR176;A:TYR95;A:VAL501,9,0.5294,A:ALA169;A:ALA173;A:ALA96;A:GLY442;A:SER336;A:THR439,A:TYR175;A:TYR176,2,0.0,2.103743,1,7.818109
prl_protonated_c2:s5302:r5,prl_protonated_c2,protonated,c2,1,1,5302,5,-6.937,3.1328,13,A:ALA173;A:ASP98;A:GLY338;A:GLY442;A:ILE172;A:PHE335;A:PHE341;A:SER438;A:THR439;A:TYR175;A:TYR176;A:TYR95;A:VAL501,11,0.6471,A:ALA169;A:ALA96;A:SER336;A:THR497,A:TYR175;A:TYR176,2,0.0,2.106334,1,7.828123
prl_protonated_c2:s5302:r6,prl_protonated_c2,protonated,c2,1,1,5302,6,-6.83,2.7376,13,A:ALA96;A:ASP98;A:GLY338;A:ILE172;A:LEU337;A:PHE335;A:PHE341;A:SER336;A:SER438;A:THR439;A:TYR175;A:TYR176;A:TYR95,10,0.5556,A:ALA169;A:ALA173;A:GLY442;A:THR497;A:VAL501,A:LEU337;A:TYR175;A:TYR176,2,0.0,2.110932,1,7.824915
prl_protonated_c2:s5302:r7,prl_protonated_c2,protonated,c2,1,1,5302,7,-6.758,2.9366,10,A:ASP98;A:GLU493;A:ILE172;A:PHE335;A:PHE341;A:SER438;A:THR497;A:TYR175;A:TYR95;A:VAL501,8,0.4706,A:ALA169;A:ALA173;A:ALA96;A:GLY338;A:GLY442;A:SER336;A:THR439,A:GLU493;A:TYR175,2,0.0,2.1049,1,7.825104
prl_protonated_c2:s5302:r8,prl_protonated_c2,protonated,c2,1,1,5302,8,-6.618,3.0662,10,A:ASP98;A:GLY100;A:GLY338;A:ILE172;A:PHE334;A:PHE335;A:PHE341;A:TYR175;A:TYR95;A:VAL501,7,0.3889,A:ALA169;A:ALA173;A:ALA96;A:GLY442;A:SER336;A:SER438;A:THR439;A:THR497,A:GLY100;A:PHE334;A:TYR175,2,0.0,2.108946,1,7.824993
prl_protonated_c2:s5302:r9,prl_protonated_c2,protonated,c2,1,1,5302,9,-6.559,3.0633,14,A:ASP98;A:GLU493;A:GLY100;A:GLY338;A:ILE172;A:LEU99;A:PHE335;A:PHE341;A:SER438;A:TRP103;A:TYR175;A:TYR176;A:TYR95;A:VAL501,8,0.381,A:ALA169;A:ALA173;A:ALA96;A:GLY442;A:SER336;A:THR439;A:THR497,A:GLU493;A:GLY100;A:LEU99;A:TRP103;A:TYR175;A:TYR176,2,0.0,2.107356,1,7.820722
prl_protonated_c2:s5302:r10,prl_protonated_c2,protonated,c2,1,1,5302,10,-6.393,3.4076,10,A:ARG104;A:GLN332;A:GLY100;A:ILE172;A:PHE335;A:PHE341;A:SER438;A:THR497;A:TYR176;A:TYR95,6,0.3158,A:ALA169;A:ALA173;A:ALA96;A:ASP98;A:GLY338;A:GLY442;A:SER336;A:THR439;A:VAL501,A:ARG104;A:GLN332;A:GLY100;A:TYR176,2,0.0,2.109175,1,7.820517
prl_protonated_c2:s5302:r11,prl_protonated_c2,protonated,c2,1,1,5302,11,-6.377,3.0062,11,A:ASP98;A:GLY338;A:ILE172;A:PHE335;A:PHE341;A:SER438;A:THR439;A:THR497;A:TYR176;A:TYR95;A:VAL501,10,0.625,A:ALA169;A:ALA173;A:ALA96;A:GLY442;A:SER336,A:TYR176,2,0.0,2.106012,1,7.824516
prl_protonated_c2:s5302:r12,prl_protonated_c2,protonated,c2,1,1,5302,12,-6.242,3.2164,14,A:ALA169;A:ALA173;A:ASP98;A:GLY338;A:GLY442;A:ILE172;A:LEU443;A:PHE335;A:PHE341;A:SER438;A:THR439;A:TYR176;A:TYR95;A:VAL501,12,0.7059,A:ALA96;A:SER336;A:THR497,A:LEU443;A:TYR176,2,0.0,2.107015,1,7.82224
prl_protonated_c2:s5302:r13,prl_protonated_c2,protonated,c2,1,1,5302,13,-6.114,2.923,11,A:ASP98;A:GLU493;A:GLY442;A:ILE172;A:PHE335;A:SER438;A:THR439;A:THR497;A:TYR175;A:TYR176;A:TYR95,8,0.4444,A:ALA169;A:ALA173;A:ALA96;A:GLY338;A:PHE341;A:SER336;A:VAL501,A:GLU493;A:TYR175;A:TYR176,2,0.0,2.108185,1,7.823739
prl_protonated_c2:s5302:r14,prl_protonated_c2,protonated,c2,1,1,5302,14,-6.106,3.2197,13,A:ARG104;A:ASP98;A:GLN332;A:GLY100;A:GLY442;A:ILE172;A:PHE335;A:PHE341;A:SER438;A:THR439;A:THR497;A:TYR175;A:TYR176,8,0.4,A:ALA169;A:ALA173;A:ALA96;A:GLY338;A:SER336;A:TYR95;A:VAL501,A:ARG104;A:GLN332;A:GLY100;A:TYR175;A:TYR176,2,0.0,2.106156,1,7.827792
prl_protonated_c2:s5302:r15,prl_protonated_c2,protonated,c2,1,1,5302,15,-6.038,3.269,11,A:ARG104;A:GLY442;A:ILE172;A:PHE335;A:PHE341;A:SER438;A:THR439;A:THR497;A:TYR175;A:TYR176;A:TYR95,8,0.4444,A:ALA169;A:ALA173;A:ALA96;A:ASP98;A:GLY338;A:SER336;A:VAL501,A:ARG104;A:TYR175;A:TYR176,2,0.0,2.106471,1,7.820177
prl_protonated_c2:s5302:r16,prl_protonated_c2,protonated,c2,1,1,5302,16,-5.995,3.0442,12,A:ARG104;A:ASP98;A:GLY442;A:ILE172;A:PHE335;A:PHE341;A:SER438;A:THR439;A:THR497;A:TYR175;A:TYR176;A:TYR95,9,0.5,A:ALA169;A:ALA173;A:ALA96;A:GLY338;A:SER336;A:VAL501,A:ARG104;A:TYR175;A:TYR176,2,0.0,2.108729,1,7.826794
prl_protonated_c2:s5302:r17,prl_protonated_c2,protonated,c2,1,1,5302,17,-5.983,3.3077,14,A:ASP98;A:GLU493;A:GLY100;A:GLY442;A:ILE172;A:LEU99;A:PHE335;A:PHE341;A:SER438;A:THR439;A:TRP103;A:TYR175;A:TYR176;A:TYR95,8,0.381,A:ALA169;A:ALA173;A:ALA96;A:GLY338;A:SER336;A:THR497;A:VAL501,A:GLU493;A:GLY100;A:LEU99;A:TRP103;A:TYR175;A:TYR176,2,0.0,2.104584,1,7.822002
prl_protonated_c2:s5302:r18,prl_protonated_c2,protonated,c2,1,1,5302,18,-5.944,2.8284,11,A:ASP98;A:GLU493;A:GLY100;A:GLY442;A:ILE172;A:PHE335;A:SER438;A:THR497;A:TYR175;A:TYR176;A:TYR95,7,0.3684,A:ALA169;A:ALA173;A:ALA96;A:GLY338;A:PHE341;A:SER336;A:THR439;A:VAL501,A:GLU493;A:GLY100;A:TYR175;A:TYR176,2,0.0,2.109656,1,7.823244
prl_protonated_c2:s5302:r19,prl_protonated_c2,protonated,c2,1,1,5302,19,-5.938,3.2434,12,A:ARG104;A:ASP98;A:GLN332;A:GLU493;A:GLY100;A:ILE172;A:PHE335;A:PHE341;A:TRP103;A:TYR175;A:TYR176;A:VAL501,5,0.2273,A:ALA169;A:ALA173;A:ALA96;A:GLY338;A:GLY442;A:SER336;A:SER438;A:THR439;A:THR497;A:TYR95,A:ARG104;A:GLN332;A:GLU493;A:GLY100;A:TRP103;A:TYR175;A:TYR176,2,0.0,2.107471,1,7.819731
prl_protonated_c2:s5302:r20,prl_protonated_c2,protonated,c2,1,1,5302,20,-5.932,3.3709,13,A:ARG104;A:ASP98;A:GLY100;A:GLY442;A:ILE172;A:PHE335;A:PHE341;A:SER438;A:THR439;A:THR497;A:TYR175;A:TYR176;A:TYR95,9,0.4737,A:ALA169;A:ALA173;A:ALA96;A:GLY338;A:SER336;A:VAL501,A:ARG104;A:GLY100;A:TYR175;A:TYR176,2,0.0,2.103251,1,7.819354
prl_protonated_c2:s5303:r1,prl_protonated_c2,protonated,c2,1,1,5303,1,-7.363,3.2306,11,A:ASP98;A:GLY442;A:ILE172;A:PHE335;A:PHE341;A:SER438;A:THR439;A:TYR175;A:TYR176;A:TYR95;A:VAL501,9,0.5294,A:ALA169;A:ALA173;A:ALA96;A:GLY338;A:SER336;A:THR497,A:TYR175;A:TYR176,2,0.0,2.104113,1,7.817467
prl_protonated_c2:s5303:r2,prl_protonated_c2,protonated,c2,1,1,5303,2,-7.254,3.3636,13,A:ARG104;A:ASP98;A:GLY100;A:GLY338;A:ILE172;A:PHE335;A:PHE341;A:SER438;A:THR497;A:TYR175;A:TYR176;A:TYR95;A:VAL501,9,0.4737,A:ALA169;A:ALA173;A:ALA96;A:GLY442;A:SER336;A:THR439,A:ARG104;A:GLY100;A:TYR175;A:TYR176,2,0.0,2.107134,1,7.819549
prl_protonated_c2:s5303:r3,prl_protonated_c2,protonated,c2,1,1,5303,3,-7.238,3.2189,11,A:ASP98;A:GLY338;A:GLY442;A:ILE172;A:PHE335;A:PHE341;A:SER438;A:THR439;A:TYR175;A:TYR176;A:TYR95,9,0.5294,A:ALA169;A:ALA173;A:ALA96;A:SER336;A:THR497;A:VAL501,A:TYR175;A:TYR176,2,0.0,2.105578,1,7.818801
prl_protonated_c2:s5303:r4,prl_protonated_c2,protonated,c2,1,1,5303,4,-7.217,3.1274,14,A:ALA173;A:ASN177;A:ASP98;A:GLY442;A:ILE172;A:LEU443;A:PHE335;A:PHE341;A:SER438;A:THR439;A:TYR175;A:TYR176;A:TYR95;A:VAL501,10,0.5263,A:ALA169;A:ALA96;A:GLY338;A:SER336;A:THR497,A:ASN177;A:LEU443;A:TYR175;A:TYR176,2,0.0,2.107367,1,7.825398
prl_protonated_c2:s5303:r5,prl_protonated_c2,protonated,c2,1,1,5303,5,-6.835,2.9639,13,A:ASP98;A:GLY338;A:GLY442;A:ILE172;A:LEU337;A:PHE335;A:PHE341;A:SER336;A:SER438;A:THR439;A:TYR176;A:TYR95;A:VAL501,11,0.6471,A:ALA169;A:ALA173;A:ALA96;A:THR497,A:LEU337;A:TYR176,2,0.0,2.106126,1,7.825509
prl_protonated_c2:s5303:r6,prl_protonated_c2,protonated,c2,1,1,5303,6,-6.782,3.1294,12,A:ASP98;A:GLY338;A:GLY442;A:ILE172;A:PHE335;A:PHE341;A:SER438;A:THR439;A:THR497;A:TYR176;A:TYR95;A:VAL501,11,0.6875,A:ALA169;A:ALA173;A:ALA96;A:SER336,A:TYR176,2,0.0,2.108264,1,7.823408
prl_protonated_c2:s5303:r7,prl_protonated_c2,protonated,c2,1,1,5303,7,-6.738,2.7193,12,A:ASP98;A:GLY338;A:ILE172;A:LEU337;A:PHE335;A:PHE341;A:SER336;A:SER438;A:THR497;A:TYR175;A:TYR95;A:VAL501,10,0.5882,A:ALA169;A:ALA173;A:ALA96;A:GLY442;A:THR439,A:LEU337;A:TYR175,2,0.0,2.106998,1,7.822214
prl_protonated_c2:s5303:r8,prl_protonated_c2,protonated,c2,1,1,5303,8,-6.724,3.086,13,A:ALA96;A:ASP98;A:GLY338;A:ILE172;A:LEU337;A:PHE335;A:PHE341;A:SER336;A:SER438;A:THR497;A:TYR175;A:TYR176;A:TYR95,10,0.5556,A:ALA169;A:ALA173;A:GLY442;A:THR439;A:VAL501,A:LEU337;A:TYR175;A:TYR176,2,0.0,2.103872,1,7.822868
prl_protonated_c2:s5303:r9,prl_protonated_c2,protonated,c2,1,1,5303,9,-6.669,3.213,10,A:ASP98;A:GLY100;A:GLY338;A:ILE172;A:PHE335;A:PHE341;A:TYR175;A:TYR176;A:TYR95;A:VAL501,7,0.3889,A:ALA169;A:ALA173;A:ALA96;A:GLY442;A:SER336;A:SER438;A:THR439;A:THR497,A:GLY100;A:TYR175;A:TYR176,2,0.0,2.105304,1,7.821901
prl_protonated_c2:s5303:r10,prl_protonated_c2,protonated,c2,1,1,5303,10,-6.515,3.29,12,A:ARG104;A:ASP98;A:GLN332;A:GLY100;A:GLY442;A:ILE172;A:PHE335;A:PHE341;A:SER438;A:THR497;A:TYR176;A:TYR95,8,0.4211,A:ALA169;A:ALA173;A:ALA96;A:GLY338;A:SER336;A:THR439;A:VAL501,A:ARG104;A:GLN332;A:GLY100;A:TYR176,2,0.0,2.104269,1,7.828535
prl_protonated_c2:s5303:r11,prl_protonated_c2,protonated,c2,1,1,5303,11,-6.365,3.0837,11,A:ASP98;A:GLY100;A:GLY338;A:ILE172;A:LEU337;A:PHE335;A:SER336;A:SER438;A:THR497;A:TYR176;A:TYR95,8,0.4444,A:ALA169;A:ALA173;A:ALA96;A:GLY442;A:PHE341;A:THR439;A:VAL501,A:GLY100;A:LEU337;A:TYR176,2,0.0,2.106622,1,7.822518
prl_protonated_c2:s5303:r12,prl_protonated_c2,protonated,c2,1,1,5303,12,-6.348,3.2272,10,A:ARG104;A:ASP98;A:GLY338;A:ILE172;A:PHE335;A:PHE341;A:SER438;A:THR497;A:TYR95;A:VAL501,9,0.5625,A:ALA169;A:ALA173;A:ALA96;A:GLY442;A:SER336;A:THR439,A:ARG104,2,0.0,2.102574,1,7.81777
prl_protonated_c2:s5303:r13,prl_protonated_c2,protonated,c2,1,1,5303,13,-6.291,3.2653,12,A:ASP98;A:GLU493;A:GLY100;A:ILE172;A:LEU99;A:PHE341;A:SER438;A:TRP103;A:TYR175;A:TYR176;A:TYR95;A:VAL501,6,0.2857,A:ALA169;A:ALA173;A:ALA96;A:GLY338;A:GLY442;A:PHE335;A:SER336;A:THR439;A:THR497,A:GLU493;A:GLY100;A:LEU99;A:TRP103;A:TYR175;A:TYR176,2,0.0,2.107217,1,7.823752
prl_protonated_c2:s5303:r14,prl_protonated_c2,protonated,c2,1,1,5303,14,-6.269,3.0523,9,A:ASP98;A:GLY100;A:ILE172;A:PHE335;A:PHE341;A:SER438;A:THR497;A:TRP103;A:TYR176,6,0.3333,A:ALA169;A:ALA173;A:ALA96;A:GLY338;A:GLY442;A:SER336;A:THR439;A:TYR95;A:VAL501,A:GLY100;A:TRP103;A:TYR176,2,0.0,2.100699,1,7.819388
prl_protonated_c2:s5303:r15,prl_protonated_c2,protonated,c2,1,1,5303,15,-6.209,3.2783,13,A:ASP98;A:GLU493;A:GLY100;A:GLY442;A:ILE172;A:LEU99;A:PHE335;A:SER438;A:THR439;A:TRP103;A:TYR175;A:TYR176;A:TYR95,7,0.3333,A:ALA169;A:ALA173;A:ALA96;A:GLY338;A:PHE341;A:SER336;A:THR497;A:VAL501,A:GLU493;A:GLY100;A:LEU99;A:TRP103;A:TYR175;A:TYR176,2,0.0,2.104461,1,7.82639
prl_protonated_c2:s5303:r16,prl_protonated_c2,protonated,c2,1,1,5303,16,-6.205,3.3031,11,A:ARG104;A:GLN332;A:GLY100;A:ILE172;A:PHE335;A:PHE341;A:SER438;A:THR497;A:TRP103;A:TYR175;A:TYR95,6,0.3,A:ALA169;A:ALA173;A:ALA96;A:ASP98;A:GLY338;A:GLY442;A:SER336;A:THR439;A:VAL501,A:ARG104;A:GLN332;A:GLY100;A:TRP103;A:TYR175,2,0.0,2.108793,1,7.823227
prl_protonated_c2:s5303:r17,prl_protonated_c2,protonated,c2,1,1,5303,17,-6.123,2.8432,10,A:ARG104;A:GLU493;A:GLY442;A:ILE172;A:PHE335;A:PHE341;A:SER438;A:THR497;A:TYR175;A:TYR176,6,0.3158,A:ALA169;A:ALA173;A:ALA96;A:ASP98;A:GLY338;A:SER336;A:THR439;A:TYR95;A:VAL501,A:ARG104;A:GLU493;A:TYR175;A:TYR176,2,0.0,2.105111,1,7.822255
prl_protonated_c2:s5303:r18,prl_protonated_c2,protonated,c2,1,1,5303,18,-6.105,2.8515,12,A:ASP98;A:GLY338;A:ILE172;A:LEU337;A:PHE335;A:PHE341;A:SER336;A:SER438;A:TYR175;A:TYR176;A:TYR95;A:VAL501,9,0.5,A:ALA169;A:ALA173;A:ALA96;A:GLY442;A:THR439;A:THR497,A:LEU337;A:TYR175;A:TYR176,2,0.0,2.107661,1,7.830355
prl_protonated_c2:s5303:r19,prl_protonated_c2,protonated,c2,1,1,5303,19,-6.035,2.7112,10,A:ARG104;A:ASP98;A:GLU493;A:GLY100;A:ILE172;A:PHE335;A:PHE341;A:THR497;A:TYR95;A:VAL501,7,0.3889,A:ALA169;A:ALA173;A:ALA96;A:GLY338;A:GLY442;A:SER336;A:SER438;A:THR439,A:ARG104;A:GLU493;A:GLY100,2,0.0,2.105919,1,7.826045
prl_protonated_c2:s5303:r20,prl_protonated_c2,protonated,c2,1,1,5303,20,-6.01,3.0198,12,A:ARG104;A:ASP98;A:GLN332;A:GLY100;A:ILE172;A:PHE335;A:PHE341;A:THR497;A:TYR175;A:TYR176;A:TYR95;A:VAL501,7,0.35,A:ALA169;A:ALA173;A:ALA96;A:GLY338;A:GLY442;A:SER336;A:SER438;A:THR439,A:ARG104;A:GLN332;A:GLY100;A:TYR175;A:TYR176,2,0.0,2.102394,1,7.823644
