ligand,state,conformer,start_n_sign,seed,saved_modes,top_score,top_minimum_receptor_distance_A,top_contacts_4A,top_paroxetine_native_contacts_retained
prl_neutral_c1,neutral,c1,1,5301,20,-7.301,3.3322,A:ASP98;A:GLY442;A:ILE172;A:PHE335;A:PHE341;A:SER438;A:THR439;A:TYR175;A:TYR176;A:TYR95;A:VAL501,9
prl_neutral_c1,neutral,c1,1,5302,20,-7.328,3.3525,A:ASP98;A:GLY442;A:ILE172;A:PHE335;A:PHE341;A:SER438;A:THR439;A:TYR175;A:TYR176;A:TYR95;A:VAL501,9
prl_neutral_c1,neutral,c1,1,5303,20,-7.298,3.2508,A:ASP98;A:GLY442;A:ILE172;A:PHE335;A:PHE341;A:SER438;A:THR439;A:TYR175;A:TYR176;A:TYR95;A:VAL501,9
prl_neutral_c2,neutral,c2,-1,5301,20,-8.717,2.7966,A:ALA169;A:ALA173;A:GLY442;A:ILE172;A:PHE335;A:PHE341;A:SER438;A:THR439;A:THR497;A:TYR175;A:TYR176;A:TYR95;A:VAL501,11
prl_neutral_c2,neutral,c2,-1,5302,20,-8.729,2.761,A:ALA169;A:ALA173;A:GLY442;A:ILE172;A:PHE335;A:PHE341;A:SER438;A:THR439;A:THR497;A:TYR175;A:TYR176;A:TYR95;A:VAL501,11
prl_neutral_c2,neutral,c2,-1,5303,20,-7.263,2.9486,A:ASP98;A:GLY442;A:ILE172;A:PHE335;A:PHE341;A:SER438;A:THR439;A:THR497;A:TYR175;A:TYR176;A:TYR95;A:VAL501,10
prl_protonated_c1,protonated,c1,-1,5301,20,-7.277,3.09,A:ASP98;A:GLY442;A:ILE172;A:PHE335;A:PHE341;A:SER438;A:THR439;A:THR497;A:TYR175;A:TYR176;A:TYR95;A:VAL501,10
prl_protonated_c1,protonated,c1,-1,5302,20,-7.601,3.31,A:ASP98;A:GLY338;A:GLY442;A:ILE172;A:PHE335;A:PHE341;A:SER438;A:THR439;A:THR497;A:TYR175;A:TYR176;A:TYR95;A:VAL501,11
prl_protonated_c1,protonated,c1,-1,5303,20,-7.318,3.0704,A:ASP98;A:GLY442;A:ILE172;A:PHE335;A:PHE341;A:SER438;A:THR439;A:THR497;A:TYR175;A:TYR176;A:TYR95;A:VAL501,10
prl_protonated_c2,protonated,c2,1,5301,20,-7.388,3.3266,A:ASP98;A:GLY442;A:ILE172;A:PHE335;A:PHE341;A:SER438;A:THR439;A:TYR175;A:TYR176;A:TYR95;A:VAL501,9
prl_protonated_c2,protonated,c2,1,5302,20,-7.329,3.3696,A:ASP98;A:GLY442;A:ILE172;A:PHE335;A:PHE341;A:SER438;A:THR439;A:TYR175;A:TYR176;A:TYR95;A:VAL501,9
prl_protonated_c2,protonated,c2,1,5303,20,-7.363,3.2306,A:ASP98;A:GLY442;A:ILE172;A:PHE335;A:PHE341;A:SER438;A:THR439;A:TYR175;A:TYR176;A:TYR95;A:VAL501,9
